YEAR,PICK,ROUND,TEAM,PLAYER,AGE,BORN,COLLEGE
2018,1,1,PHO,Deandre Ayton,19.338,bs,University of Arizona
2018,2,1,SAC,Marvin Bagley,19.104,us,Duke University
2018,3,1,ATL,Luka Doncic,19.118,si,
2018,4,1,MEM,Jaren Jackson,18.284,us,Michigan State University
2018,5,1,DAL,Trae Young,19.28,us,University of Oklahoma
2018,6,1,ORL,Mohamed Bamba,20.045,us,University of Texas at Austin
2018,7,1,CHI,Wendell Carter,19.071,us,Duke University
2018,8,1,CLE,Collin Sexton,19.173,us,University of Alabama
2018,9,1,NYK,Kevin Knox,18.319,us,University of Kentucky
2018,10,1,PHI,Mikal Bridges,21.3,us,Villanova University
2018,11,1,CHO,Shai Gilgeous-Alexander,19.349,ca,University of Kentucky
2018,12,1,LAC,Miles Bridges,20.097,us,Michigan State University
2018,13,1,LAC,Jerome Robinson,21.124,us,Boston College
2018,14,1,DEN,Michael Porter,19.362,us,University of Missouri
2018,15,1,WAS,Troy Brown,18.333,us,University of Oregon
2018,16,1,PHO,Zhaire Smith,19.022,us,Texas Tech University
2018,17,1,MIL,Donte DiVincenzo,21.146,us,Villanova University
2018,18,1,SAS,Lonnie Walker,19.194,us,University of Miami
2018,19,1,ATL,Kevin Huerter,19.303,us,University of Maryland
2018,20,1,MIN,Josh Okogie,19.298,ng,Georgia Institute of Technology
2018,21,1,UTA,Grayson Allen,22.262,us,Duke University
2018,22,1,CHI,Chandler Hutchison,22.061,us,Boise State University
2018,23,1,IND,Aaron Holiday,21.269,us,"University of California, Los Angeles"
2018,24,1,POR,Anfernee Simons,19.018,us,
2018,25,1,LAL,Moritz Wagner,21.061,de,University of Michigan
2018,26,1,PHI,Landry Shamet,21.105,us,Wichita State University
2018,27,1,BOS,Robert Williams,20.252,us,Texas A&M University
2018,28,1,GSW,Jacob Evans,21.008,us,University of Cincinnati
2018,29,1,BRK,Dzanan Musa,19.049,ba,
2018,30,1,ATL,Omari Spellman,20.34,us,Villanova University
2018,31,2,PHO,Elie Okobo,20.246,fr,
2018,32,2,MEM,Jevon Carter,22.286,us,West Virginia University
2018,33,2,DAL,Jalen Brunson,21.299,us,Villanova University
2018,34,2,ATL,Devonte' Graham,23.125,us,University of Kansas
2018,35,2,ORL,Melvin Frazier,21.3,us,Tulane University
2018,36,2,NYK,Mitchell Robinson,20.086,us,
2018,37,2,SAC,Gary Trent,19.159,us,Duke University
2018,38,2,PHI,Khyri Thomas,22.049,us,Creighton University
2018,39,2,PHI,Isaac Bonga,18.23,de,
2018,40,2,BRK,Rodions Kurucs,20.141,lv,
2018,41,2,ORL,Jarred Vanderbilt,19.084,us,University of Kentucky
2018,42,2,DET,Bruce Brown,21.315,us,University of Miami
2018,43,2,DEN,Justin Jackson,21.128,ca,University of Maryland
2018,44,2,WAS,Issuf Sanon,18.239,ua,
2018,45,2,BRK,Hamidou Diallo,19.33,us,University of Kentucky
2018,46,2,HOU,De'Anthony Melton,20.029,us,University of Southern California
2018,47,2,LAL,Sviatoslav Mykhailiuk,21.016,ua,University of Kansas
2018,48,2,MIN,Keita Bates-Diop,22.155,us,Ohio State University
2018,49,2,SAS,Chimezie Metu,21.096,us,University of Southern California
2018,50,2,IND,Alize Johnson,22.065,us,Missouri State
2018,51,2,NOP,Tony Carr,20.258,us,Pennsylvania State University
2018,52,2,UTA,Vince Edwards,22.082,us,Purdue University
2018,53,2,OKC,Devon Hall,22.355,us,University of Virginia
2018,54,2,DAL,Shake Milton,21.273,us,Southern Methodist University
2018,55,2,CHO,Arnoldas Kulboka,20.173,lt,
2018,56,2,PHI,Ray Spalding,21.107,us,University of Louisville
2018,57,2,OKC,Kevin Hervey,21.352,us,University of Texas at Arlington
2018,58,2,DEN,Thomas Welsh,22.144,us,"University of California, Los Angeles"
2018,59,2,PHO,George King,24.163,us,University of Colorado
2018,60,2,PHI,Kostas Antetokounmpo,20.218,gr,University of Dayton
2017,1,1,PHI,Markelle Fultz,19.029,us,University of Washington
2017,2,1,LAL,Lonzo Ball,19.243,us,"University of California, Los Angeles"
2017,3,1,BOS,Jayson Tatum,19.116,us,Duke University
2017,4,1,PHO,Josh Jackson,20.137,us,University of Kansas
2017,5,1,SAC,De'Aaron Fox,19.189,us,University of Kentucky
2017,6,1,ORL,Jonathan Isaac,19.267,us,Florida State University
2017,7,1,MIN,Lauri Markkanen,20.036,fi,University of Arizona
2017,8,1,NYK,Frank Ntilikina,18.334,be,
2017,9,1,DAL,Dennis Smith,19.214,us,North Carolina State University
2017,10,1,SAC,Zach Collins,19.22,us,Gonzaga University
2017,11,1,CHO,Malik Monk,19.143,us,University of Kentucky
2017,12,1,DET,Luke Kennard,21.003,us,Duke University
2017,13,1,DEN,Donovan Mitchell,20.293,us,University of Louisville
2017,14,1,MIA,Bam Adebayo,19.344,us,University of Kentucky
2017,15,1,POR,Justin Jackson,22.092,us,University of North Carolina
2017,16,1,CHI,Justin Patton,20.013,us,Creighton University
2017,17,1,MIL,D.J. Wilson,21.129,us,University of Michigan
2017,18,1,IND,T.J. Leaf,20.058,il,"University of California, Los Angeles"
2017,19,1,ATL,John Collins,19.277,us,Wake Forest University
2017,20,1,POR,Harry Giles,19.066,us,Duke University
2017,21,1,OKC,Terrance Ferguson,19.041,us,
2017,22,1,BRK,Jarrett Allen,19.067,us,University of Texas at Austin
2017,23,1,TOR,OG Anunoby,19.345,gb,Indiana University
2017,24,1,UTA,Tyler Lydon,21.079,us,Syracuse University
2017,25,1,ORL,Anzejs Pasecniks,21.19,lv,
2017,26,1,POR,Caleb Swanigan,20.07,us,Purdue University
2017,27,1,BRK,Kyle Kuzma,21.339,us,University of Utah
2017,28,1,LAL,Tony Bradley,19.17,us,University of North Carolina
2017,29,1,SAS,Derrick White,22.361,us,University of Colorado
2017,30,1,UTA,Josh Hart,22.114,us,Villanova University
2017,31,2,CHO,Frank Jackson,19.054,us,Duke University
2017,32,2,PHO,Davon Reed,22.017,us,University of Miami
2017,33,2,ORL,Wesley Iwundu,22.19,us,Kansas State University
2017,34,2,SAC,Frank Mason,23.086,us,University of Kansas
2017,35,2,ORL,Ivan Rabb,20.143,us,University of California
2017,36,2,PHI,Jonah Bolden,21.177,au,
2017,37,2,BOS,Semi Ojeleye,22.205,us,Southern Methodist University
2017,38,2,CHI,Jordan Bell,22.172,us,University of Oregon
2017,39,2,PHI,Jawun Evans,20.336,us,Oklahoma State University
2017,40,2,NOP,Dwayne Bacon,21.302,us,Florida State University
2017,41,2,ATL,Tyler Dorsey,21.13,us,University of Oregon
2017,42,2,UTA,Thomas Bryant,19.331,us,Indiana University
2017,43,2,HOU,Isaiah Hartenstein,19.053,us,
2017,44,2,NYK,Damyean Dotson,23.053,us,University of Oregon
2017,45,2,HOU,Dillon Brooks,21.157,ca,University of Oregon
2017,46,2,PHI,Sterling Brown,22.138,us,Southern Methodist University
2017,47,2,IND,Ike Anigbogu,18.253,us,"University of California, Los Angeles"
2017,48,2,MIL,Sindarius Thornwell,22.225,us,University of South Carolina
2017,49,2,DEN,Vlatko Cancar,20.078,si,
2017,50,2,PHI,Mathias Lessort,21.272,mq,
2017,51,2,DEN,Monte Morris,22.001,us,Iowa State University
2017,52,2,NOP,Edmond Sumner,21.179,us,Xavier University
2017,53,2,BOS,Kadeem Allen,24.164,us,University of Arizona
2017,54,2,PHO,Alec Peters,22.076,us,Valparaiso University
2017,55,2,UTA,Nigel Williams-Goss,22.285,us,Gonzaga University
2017,56,2,BOS,Jabari Bird,22.36,us,University of California
2017,57,2,BRK,Aleksandar Vezenkov,21.326,cy,
2017,58,2,NYK,Ognjen Jaramaz,21.3,yu,
2017,59,2,SAS,Jaron Blossomgame,23.285,us,Clemson University
2017,60,2,ATL,Alpha Kaba,21.15,fr,
2016,1,1,PHI,Ben Simmons,19.343,au,Louisiana State University
2016,2,1,LAL,Brandon Ingram,18.299,us,Duke University
2016,3,1,BOS,Jaylen Brown,19.247,us,University of California
2016,4,1,PHO,Dragan Bender,18.223,ba,
2016,5,1,MIN,Kris Dunn,22.103,us,Providence College
2016,6,1,NOP,Buddy Hield,23.194,bs,University of Oklahoma
2016,7,1,DEN,Jamal Murray,19.125,ca,University of Kentucky
2016,8,1,SAC,Marquese Chriss,18.361,us,University of Washington
2016,9,1,TOR,Jakob Poeltl,20.257,at,University of Utah
2016,10,1,MIL,Thon Maker,19.123,ss,
2016,11,1,ORL,Domantas Sabonis,20.056,us,Gonzaga University
2016,12,1,UTA,Taurean Prince,22.099,us,Baylor University
2016,13,1,PHO,Georgios Papagiannis,18.36,gr,
2016,14,1,CHI,Denzel Valentine,22.225,us,Michigan State University
2016,15,1,DEN,Juan Hernangomez,20.274,es,
2016,16,1,BOS,Guerschon Yabusele,20.194,fr,
2016,17,1,MEM,Wade Baldwin,20.091,us,Vanderbilt University
2016,18,1,DET,Henry Ellenson,19.166,us,Marquette University
2016,19,1,DEN,Malik Beasley,19.214,us,Florida State University
2016,20,1,IND,Caris LeVert,21.308,us,University of Michigan
2016,21,1,ATL,DeAndre Bembry,21.36,us,Saint Joseph's University
2016,22,1,CHO,Malachi Richardson,20.175,us,Syracuse University
2016,23,1,BOS,Ante Zizic,19.175,hr,
2016,24,1,PHI,Timothe Luwawu,21.051,fr,
2016,25,1,LAC,Brice Johnson,22.002,us,University of North Carolina
2016,26,1,PHI,Furkan Korkmaz,18.339,tr,
2016,27,1,TOR,Pascal Siakam,22.088,cm,New Mexico State University
2016,28,1,PHO,Skal Labissiere,20.102,ht,University of Kentucky
2016,29,1,SAS,Dejounte Murray,19.282,us,University of Washington
2016,30,1,GSW,Damian Jones,20.364,us,Vanderbilt University
2016,31,2,BOS,Deyonta Davis,19.208,us,Michigan State University
2016,32,2,LAL,Ivica Zubac,19.102,ba,
2016,33,2,LAC,Cheick Diallo,19.288,ml,University of Kansas
2016,34,2,PHO,Tyler Ulis,20.175,us,University of Kentucky
2016,35,2,BOS,Rade Zagorac,20.321,rs,
2016,36,2,MIL,Malcolm Brogdon,23.2,us,University of Virginia
2016,37,2,HOU,Chinanu Onuaku,19.239,us,University of Louisville
2016,38,2,MIL,Patrick McCaw,20.247,us,"University of Nevada, Las Vegas"
2016,39,2,NOP,David Michineau,22.023,gp,
2016,40,2,NOP,Diamond Stone,19.138,us,University of Maryland
2016,41,2,ORL,Stephen Zimmerman,19.292,us,"University of Nevada, Las Vegas"
2016,42,2,UTA,Isaiah Whitehead,21.113,us,Seton Hall University
2016,43,2,HOU,Zhou Qi,20.164,cn,
2016,44,2,ATL,Isaia Cordinier,19.212,fr,
2016,45,2,BOS,Demetrius Jackson,21.295,us,University of Notre Dame
2016,46,2,DAL,A.J. Hammons,23.306,us,Purdue University
2016,47,2,ORL,Jake Layman,22.114,us,University of Maryland
2016,48,2,CHI,Paul Zipser,22.131,de,
2016,49,2,DET,Michael Gbinije,24.024,us,Syracuse University
2016,50,2,IND,Georges Niang,23.012,us,Iowa State University
2016,51,2,BOS,Ben Bentil,21.092,gh,Providence College
2016,52,2,UTA,Joel Bolomboy,22.152,ua,Weber State University
2016,53,2,DEN,Petr Cornelie,20.338,fr,
2016,54,2,ATL,Kay Felder,21.092,us,Oakland University
2016,55,2,BRK,Marcus Paige,22.291,us,University of North Carolina
2016,56,2,DEN,Daniel Hamilton,20.325,us,University of Connecticut
2016,57,2,MEM,Wang Zhelin,22.16,cn,
2016,58,2,BOS,Abdel Nader,22.277,eg,Iowa State University
2016,59,2,SAC,Isaiah Cousins,22.108,us,University of Oklahoma
2016,60,2,UTA,Tyrone Wallace,22.019,us,University of California
2015,1,1,MIN,Karl-Anthony Towns,19.227,us,University of Kentucky
2015,2,1,LAL,D'Angelo Russell,19.127,us,Ohio State University
2015,3,1,PHI,Jahlil Okafor,19.197,us,Duke University
2015,4,1,NYK,Kristaps Porzingis,19.332,lv,
2015,5,1,ORL,Mario Hezonja,20.125,hr,
2015,6,1,SAC,Willie Cauley-Stein,21.316,us,University of Kentucky
2015,7,1,DEN,Emmanuel Mudiay,19.116,cd,
2015,8,1,DET,Stanley Johnson,19.031,us,University of Arizona
2015,9,1,CHO,Frank Kaminsky,22.087,us,University of Wisconsin
2015,10,1,MIA,Justise Winslow,19.095,us,Duke University
2015,11,1,IND,Myles Turner,19.097,us,University of Texas at Austin
2015,12,1,UTA,Trey Lyles,19.237,ca,University of Kentucky
2015,13,1,PHO,Devin Booker,18.242,us,University of Kentucky
2015,14,1,OKC,Cameron Payne,20.326,us,Murray State University
2015,15,1,ATL,Kelly Oubre,19.203,us,University of Kansas
2015,16,1,BOS,Terry Rozier,21.105,us,University of Louisville
2015,17,1,MIL,Rashad Vaughn,18.317,us,"University of Nevada, Las Vegas"
2015,18,1,HOU,Sam Dekker,21.055,us,University of Wisconsin
2015,19,1,WAS,Jerian Grant,22.264,us,University of Notre Dame
2015,20,1,TOR,Delon Wright,23.065,us,University of Utah
2015,21,1,DAL,Justin Anderson,21.223,us,University of Virginia
2015,22,1,CHI,Bobby Portis,20.14,us,University of Arkansas
2015,23,1,POR,Rondae Hollis-Jefferson,20.178,us,University of Arizona
2015,24,1,CLE,Tyus Jones,19.05,us,Duke University
2015,25,1,MEM,Jarell Martin,21.037,us,Louisiana State University
2015,26,1,SAS,Nikola Milutinov,20.182,rs,
2015,27,1,LAL,Larry Nance Jr.,22.18,us,University of Wyoming
2015,28,1,BOS,R.J. Hunter,21.249,us,Georgia State University
2015,29,1,BRK,Chris McCullough,20.145,us,Syracuse University
2015,30,1,GSW,Kevon Looney,19.144,us,"University of California, Los Angeles"
2015,31,2,MIN,Cedi Osman,20.083,mk,
2015,32,2,HOU,Montrezl Harrell,21.155,us,University of Louisville
2015,33,2,BOS,Jordan Mickey,20.356,us,Louisiana State University
2015,34,2,LAL,Anthony Brown,22.263,us,Stanford University
2015,35,2,PHI,Willy Hernangomez,21.034,es,
2015,36,2,MIN,Rakeem Christmas,23.212,us,Syracuse University
2015,37,2,PHI,Richaun Holmes,21.258,us,Bowling Green State University
2015,38,2,DET,Darrun Hilliard,22.078,us,Villanova University
2015,39,2,CHO,Juan Pablo Vaulet,19.099,ar,
2015,40,2,MIA,Josh Richardson,21.288,us,University of Tennessee
2015,41,2,BRK,Pat Connaughton,22.175,us,University of Notre Dame
2015,42,2,UTA,Olivier Hanlan,22.135,ca,Boston College
2015,43,2,IND,Joseph Young,23.003,us,University of Oregon
2015,44,2,PHO,Andrew Harrison,20.245,us,University of Kentucky
2015,45,2,BOS,Marcus Thornton,22.141,us,College of William & Mary
2015,46,2,MIL,Norman Powell,22.036,us,"University of California, Los Angeles"
2015,47,2,PHI,Arturas Gudaitis,22.011,lt,
2015,48,2,OKC,Dakari Johnson,19.281,us,University of Kentucky
2015,49,2,WAS,Aaron White,22.293,us,University of Iowa
2015,50,2,ATL,Marcus Eriksson,21.207,se,
2015,51,2,ORL,Tyler Harvey,21.348,us,Eastern Washington University
2015,52,2,DAL,Satnam Singh,19.202,in,
2015,53,2,CLE,Sir'Dominic Pointer,23.055,us,St. John's University
2015,54,2,UTA,Dani Diez,22.084,es,
2015,55,2,SAS,Cady Lalanne,23.069,ht,University of Massachusetts Amherst
2015,56,2,NOP,Branden Dawson,22.149,us,Michigan State University
2015,57,2,DEN,Nikola Radicevic,21.066,rs,
2015,58,2,PHI,J.P. Tokoto,21.288,us,University of North Carolina
2015,59,2,ATL,Dimitrios Agravanis,20.192,gr,
2015,60,2,PHI,Luka Mitrovic,22.101,rs,
2014,1,1,CLE,Andrew Wiggins,19.128,ca,University of Kansas
2014,2,1,MIL,Jabari Parker,19.108,us,Duke University
2014,3,1,PHI,Joel Embiid,20.107,cm,University of Kansas
2014,4,1,ORL,Aaron Gordon,18.288,us,University of Arizona
2014,5,1,UTA,Dante Exum,18.353,au,
2014,6,1,BOS,Marcus Smart,20.117,us,Oklahoma State University
2014,7,1,LAL,Julius Randle,19.214,us,University of Kentucky
2014,8,1,SAC,Nik Stauskas,20.267,ca,University of Michigan
2014,9,1,CHH,Noah Vonleh,18.311,us,Indiana University
2014,10,1,PHI,Elfrid Payton,20.129,us,University of Louisiana at Lafayette
2014,11,1,DEN,Doug McDermott,22.18,us,Creighton University
2014,12,1,ORL,Dario Saric,20.084,hr,
2014,13,1,MIN,Zach LaVine,19.113,us,"University of California, Los Angeles"
2014,14,1,PHO,T.J. Warren,20.299,us,North Carolina State University
2014,15,1,ATL,Adreian Payne,23.133,us,Michigan State University
2014,16,1,CHI,Jusuf Nurkic,19.312,ba,
2014,17,1,BOS,James Young,18.319,us,University of Kentucky
2014,18,1,PHO,Tyler Ennis,19.311,ca,Syracuse University
2014,19,1,CHI,Gary Harris,19.29,us,Michigan State University
2014,20,1,TOR,Bruno Caboclo,18.283,br,
2014,21,1,OKC,Mitch McGary,22.025,us,University of Michigan
2014,22,1,MEM,Jordan Adams,19.358,us,"University of California, Los Angeles"
2014,23,1,UTA,Rodney Hood,21.254,us,Duke University
2014,24,1,CHH,Shabazz Napier,22.353,us,University of Connecticut
2014,25,1,HOU,Clint Capela,20.044,ch,
2014,26,1,MIA,P.J. Hairston,21.189,us,University of North Carolina
2014,27,1,PHO,Bogdan Bogdanovic,21.317,rs,
2014,28,1,LAC,C.J. Wilcox,23.184,us,University of Washington
2014,29,1,OKC,Josh Huestis,22.195,us,Stanford University
2014,30,1,SAS,Kyle Anderson,20.284,us,"University of California, Los Angeles"
2014,31,2,MIL,Damien Inglis,19.042,gf,
2014,32,2,PHI,K.J. McDaniels,21.142,us,Clemson University
2014,33,2,CLE,Joe Harris,22.299,us,University of Virginia
2014,34,2,NYK,Cleanthony Early,23.076,us,Wichita State University
2014,35,2,UTA,Jarnell Stokes,20.175,us,University of Tennessee
2014,36,2,MIL,Johnny O'Bryant III,21.03,us,Louisiana State University
2014,37,2,TOR,DeAndre Daniels,22.077,us,University of Connecticut
2014,38,2,DET,Spencer Dinwiddie,21.086,us,University of Colorado
2014,39,2,PHI,Jerami Grant,20.111,us,Syracuse University
2014,40,2,MIN,Glenn Robinson III,20.174,us,University of Michigan
2014,41,2,DEN,Nikola Jokic,19.132,rs,
2014,42,2,HOU,Nick Johnson,21.191,us,University of Arizona
2014,43,2,ATL,Walter Tavares,22.101,cv,
2014,44,2,MIN,Markel Brown,22.154,us,Oklahoma State University
2014,45,2,CHH,Dwight Powell,22.347,ca,Stanford University
2014,46,2,WAS,Jordan Clarkson,22.024,us,University of Missouri
2014,47,2,PHI,Russ Smith,23.074,us,University of Louisville
2014,48,2,MIL,Lamar Patterson,22.324,us,University of Pittsburgh
2014,49,2,CHI,Cameron Bairstow,23.207,au,University of New Mexico
2014,50,2,PHO,Alec Brown,21.343,us,University of Wisconsin-Green Bay
2014,51,2,NYK,Thanasis Antetokounmpo,21.349,gr,
2014,52,2,PHI,Vasilije Micic,20.169,rs,
2014,53,2,MIN,Alessandro Gentile,21.231,it,
2014,54,2,PHI,Nemanja Dangubic,21.079,rs,
2014,55,2,MIA,Semaj Christon,21.242,us,Xavier University
2014,56,2,DEN,Roy Devyn Marble,21.283,us,University of Iowa
2014,57,2,IND,Louis Labeyrie,22.141,fr,
2014,58,2,SAS,Jordan McRae,23.096,us,University of Tennessee
2014,59,2,TOR,Xavier Thames,23.164,us,San Diego State University
2014,60,2,SAS,Cory Jefferson,23.188,us,Baylor University
2013,1,1,CLE,Anthony Bennett,20.11,ca,"University of Nevada, Las Vegas"
2013,2,1,ORL,Victor Oladipo,21.059,us,Indiana University
2013,3,1,WAS,Otto Porter,20.029,us,Georgetown University
2013,4,1,CHA,Cody Zeller,20.27,us,Indiana University
2013,5,1,PHO,Alex Len,20.016,ua,University of Maryland
2013,6,1,NOH,Nerlens Noel,19.083,us,University of Kentucky
2013,7,1,SAC,Ben McLemore,20.141,us,University of Kansas
2013,8,1,DET,Kentavious Caldwell-Pope,20.134,us,University of Georgia
2013,9,1,MIN,Trey Burke,20.232,us,University of Michigan
2013,10,1,POR,CJ McCollum,21.287,us,Lehigh University
2013,11,1,PHI,Michael Carter-Williams,21.266,us,Syracuse University
2013,12,1,OKC,Steven Adams,19.347,nz,University of Pittsburgh
2013,13,1,DAL,Kelly Olynyk,22.075,ca,Gonzaga University
2013,14,1,UTA,Shabazz Muhammad,20.231,us,"University of California, Los Angeles"
2013,15,1,MIL,Giannis Antetokounmpo,18.208,gr,
2013,16,1,BOS,Lucas Nogueira,20.341,br,
2013,17,1,ATL,Dennis Schroder,19.29,de,
2013,18,1,ATL,Shane Larkin,20.273,us,University of Miami
2013,19,1,CLE,Sergey Karasev,19.249,ru,
2013,20,1,CHI,Tony Snell,21.235,us,University of New Mexico
2013,21,1,UTA,Gorgui Dieng,23.166,sn,University of Louisville
2013,22,1,BRK,Mason Plumlee,23.12,us,Duke University
2013,23,1,IND,Solomon Hill,22.107,us,University of Arizona
2013,24,1,NYK,Tim Hardaway,21.108,us,University of Michigan
2013,25,1,LAC,Reggie Bullock,22.109,us,University of North Carolina
2013,26,1,MIN,Andre Roberson,21.211,us,University of Colorado
2013,27,1,DEN,Rudy Gobert,21.006,fr,
2013,28,1,SAS,Livio Jean-Charles,19.236,gf,
2013,29,1,OKC,Archie Goodwin,18.319,us,University of Kentucky
2013,30,1,PHO,Nemanja Nedovic,22.017,rs,
2013,31,2,CLE,Allen Crabbe,21.084,us,University of California
2013,32,2,OKC,Alex Abrines,19.335,es,
2013,33,2,CLE,Carrick Felix,22.32,us,Arizona State University
2013,34,2,HOU,Isaiah Canaan,22.043,us,Murray State University
2013,35,2,PHI,Glen Rice,22.183,us,Georgia Institute of Technology
2013,36,2,SAC,Ray McCallum,22.021,us,University of Detroit Mercy
2013,37,2,DET,Tony Mitchell,21.086,us,University of North Texas
2013,38,2,WAS,Nate Wolters,22.049,us,South Dakota State University
2013,39,2,POR,Jeff Withey,23.118,us,University of Kansas
2013,40,2,POR,Grant Jerrett,19.359,us,University of Arizona
2013,41,2,MEM,Jamaal Franklin,21.347,us,San Diego State University
2013,42,2,PHI,Pierre Jackson,21.308,us,Baylor University
2013,43,2,MIL,Ricky Ledo,20.295,us,Providence College
2013,44,2,DAL,Mike Muscala,22.002,us,Bucknell University
2013,45,2,POR,Marko Todorovic,21.074,me,
2013,46,2,UTA,Erick Green,22.055,us,Virginia Polytechnic Institute and State University
2013,47,2,ATL,Raul Neto,21.044,br,
2013,48,2,LAL,Ryan Kelly,22.085,us,Duke University
2013,49,2,CHI,Erik Murphy,22.25,fr,University of Florida
2013,50,2,ATL,James Ennis,23.002,us,"California State University, Long Beach"
2013,51,2,ORL,Romero Osby,,,University of Oklahoma
2013,52,2,MIN,Lorenzo Brown,22.311,us,North Carolina State University
2013,53,2,IND,Colton Iverson,24.004,us,Colorado State University
2013,54,2,WAS,Arsalan Kazemi,23.072,ir,University of Oregon
2013,55,2,MEM,Joffrey Lauvergne,21.276,fr,
2013,56,2,DET,Peyton Siva,22.252,us,University of Louisville
2013,57,2,PHO,Alex Oriakhi,23.012,us,University of Missouri
2013,58,2,SAS,Deshaun Thomas,21.308,us,Ohio State University
2013,59,2,MIN,Bojan Dubljevic,21.252,me,
2013,60,2,MEM,Janis Timma,21,lv,
2012,1,1,NOH,Anthony Davis,19.114,us,University of Kentucky
2012,2,1,CHA,Michael Kidd-Gilchrist,18.28,us,University of Kentucky
2012,3,1,WAS,Bradley Beal,19.005,us,University of Florida
2012,4,1,CLE,Dion Waiters,20.206,us,Syracuse University
2012,5,1,SAC,Thomas Robinson,21.109,us,University of Kansas
2012,6,1,POR,Damian Lillard,21.354,us,Weber State University
2012,7,1,GSW,Harrison Barnes,20.034,us,University of North Carolina
2012,8,1,TOR,Terrence Ross,21.149,us,University of Washington
2012,9,1,DET,Andre Drummond,18.327,us,University of Connecticut
2012,10,1,NOH,Austin Rivers,19.336,us,Duke University
2012,11,1,POR,Meyers Leonard,20.127,us,University of Illinois at Urbana-Champaign
2012,12,1,HOU,Jeremy Lamb,20.034,us,University of Connecticut
2012,13,1,PHO,Kendall Marshall,20.319,us,University of North Carolina
2012,14,1,MIL,John Henson,21.188,us,University of North Carolina
2012,15,1,PHI,Maurice Harkless,19.053,us,St. John's University
2012,16,1,HOU,Royce White,21.085,us,Iowa State University
2012,17,1,DAL,Tyler Zeller,22.168,us,University of North Carolina
2012,18,1,HOU,Terrence Jones,20.176,us,University of Kentucky
2012,19,1,ORL,Andrew Nicholson,22.208,ca,St. Bonaventure University
2012,20,1,DEN,Evan Fournier,19.247,fr,
2012,21,1,BOS,Jared Sullinger,20.121,us,Ohio State University
2012,22,1,BOS,Fab Melo,22.014,br,Syracuse University
2012,23,1,ATL,John Jenkins,21.12,us,Vanderbilt University
2012,24,1,CLE,Jared Cunningham,21.043,us,Oregon State University
2012,25,1,MEM,Tony Wroten,19.081,us,University of Washington
2012,26,1,IND,Miles Plumlee,23.306,us,Duke University
2012,27,1,MIA,Arnett Moultrie,21.228,us,Mississippi State University
2012,28,1,OKC,Perry Jones,20.283,us,Baylor University
2012,29,1,CHI,Marquis Teague,19.125,us,University of Kentucky
2012,30,1,GSW,Festus Ezeli,22.256,ng,Vanderbilt University
2012,31,2,CHA,Jeff Taylor,23.042,se,Vanderbilt University
2012,32,2,WAS,Tomas Satoransky,20.247,cz,
2012,33,2,CLE,Bernard James,27.148,us,Florida State University
2012,34,2,CLE,Jae Crowder,21.363,us,Marquette University
2012,35,2,GSW,Draymond Green,22.122,us,Michigan State University
2012,36,2,SAC,Orlando Johnson,23.115,us,"University of California, Santa Barbara"
2012,37,2,TOR,Quincy Acy,21.271,us,Baylor University
2012,38,2,DEN,Quincy Miller,19.227,us,Baylor University
2012,39,2,DET,Khris Middleton,20.326,us,Texas A&M University
2012,40,2,POR,Will Barton,21.179,us,University of Memphis
2012,41,2,POR,Tyshawn Taylor,22.083,us,University of Kansas
2012,42,2,MIL,Doron Lamb,20.24,us,University of Kentucky
2012,43,2,ATL,Mike Scott,23.353,us,University of Virginia
2012,44,2,DET,Kim English,23.283,us,University of Missouri
2012,45,2,PHI,Justin Hamilton,22.094,us,Louisiana State University
2012,46,2,NOH,Darius Miller,22.105,us,University of Kentucky
2012,47,2,UTA,Kevin Murphy,22.12,us,Tennessee Technological University
2012,48,2,NYK,Kostas Papanikolaou,21.338,gr,
2012,49,2,ORL,Kyle O'Quinn,22.1,us,Norfolk State University
2012,50,2,DEN,Izzet Turkyilmaz,22.045,tr,
2012,51,2,BOS,Kris Joseph,23.199,ca,Syracuse University
2012,52,2,GSW,Ognjen Kuzmic,22.049,ba,
2012,53,2,LAC,Furkan Aldemir,20.329,tr,
2012,54,2,PHI,Tornike Shengelia,20.272,ge,
2012,55,2,DAL,Darius Johnson-Odom,22.279,us,Marquette University
2012,56,2,TOR,Tomislav Zubcic,22.178,hr,
2012,57,2,NJN,Ilkan Karaman,22.052,tr,
2012,58,2,MIN,Robbie Hummel,23.118,us,Purdue University
2012,59,2,SAS,Marcus Denmon,22.106,us,University of Missouri
2012,60,2,LAL,Robert Sacre,23.028,us,Gonzaga University
2011,1,1,CLE,Kyrie Irving,19.096,au,Duke University
2011,2,1,MIN,Derrick Williams,20.034,us,University of Arizona
2011,3,1,UTA,Enes Kanter,19.038,ch,
2011,4,1,CLE,Tristan Thompson,20.107,ca,University of Texas at Austin
2011,5,1,TOR,Jonas Valanciunas,19.052,lt,
2011,6,1,WAS,Jan Vesely,21.065,cz,
2011,7,1,SAC,Bismack Biyombo,18.303,cd,
2011,8,1,DET,Brandon Knight,19.208,us,University of Kentucky
2011,9,1,CHA,Kemba Walker,21.051,us,University of Connecticut
2011,10,1,MIL,Jimmer Fredette,22.123,us,Brigham Young University
2011,11,1,GSW,Klay Thompson,21.14,us,Washington State University
2011,12,1,UTA,Alec Burks,19.343,us,University of Colorado
2011,13,1,PHO,Markieff Morris,21.299,us,University of Kansas
2011,14,1,HOU,Marcus Morris,21.299,us,University of Kansas
2011,15,1,IND,Kawhi Leonard,19.364,us,San Diego State University
2011,16,1,PHI,Nikola Vucevic,20.247,ch,University of Southern California
2011,17,1,NYK,Iman Shumpert,21.002,us,Georgia Institute of Technology
2011,18,1,WAS,Chris Singleton,21.219,us,Florida State University
2011,19,1,CHA,Tobias Harris,18.347,us,University of Tennessee
2011,20,1,MIN,Donatas Motiejunas,20.281,lt,
2011,21,1,POR,Nolan Smith,22.338,us,Duke University
2011,22,1,DEN,Kenneth Faried,21.221,us,Morehead State University
2011,23,1,HOU,Nikola Mirotic,20.137,me,
2011,24,1,OKC,Reggie Jackson,21.073,it,Boston College
2011,25,1,BOS,MarShon Brooks,22.153,us,Providence College
2011,26,1,DAL,Jordan Hamilton,20.265,us,University of Texas at Austin
2011,27,1,NJN,JaJuan Johnson,22.14,us,Purdue University
2011,28,1,CHI,Norris Cole,22.258,us,Cleveland State University
2011,29,1,SAS,Cory Joseph,19.312,ca,University of Texas at Austin
2011,30,1,CHI,Jimmy Butler,21.287,us,Marquette University
2011,31,2,MIA,Bojan Bogdanovic,22.071,ba,
2011,32,2,CLE,Justin Harper,21.302,us,University of Richmond
2011,33,2,DET,Kyle Singler,23.055,us,Duke University
2011,34,2,WAS,Shelvin Mack,21.067,us,Butler University
2011,35,2,SAC,Tyler Honeycutt,20.348,us,"University of California, Los Angeles"
2011,36,2,NJN,Jordan Williams,20.26,us,University of Maryland
2011,37,2,LAC,Trey Thompkins,21.039,us,University of Georgia
2011,38,2,HOU,Chandler Parsons,22.246,us,University of Florida
2011,39,2,CHA,Jeremy Tyler,20.007,us,
2011,40,2,MIL,Jon Leuer,22.045,us,University of Wisconsin
2011,41,2,LAL,Darius Morris,20.176,us,University of Michigan
2011,42,2,IND,Davis Bertans,18.227,lv,
2011,43,2,CHI,Malcolm Lee,21.037,us,"University of California, Los Angeles"
2011,44,2,GSW,Charles Jenkins,22.12,us,Hofstra University
2011,45,2,NOH,Josh Harrellson,22.136,us,University of Kentucky
2011,46,2,LAL,Andrew Goudelock,22.203,us,College of Charleston
2011,47,2,LAC,Travis Leslie,21.091,us,University of Georgia
2011,48,2,ATL,Keith Benson,22.319,us,Oakland University
2011,49,2,MEM,Josh Selby,20.093,us,University of Kansas
2011,50,2,PHI,Lavoy Allen,22.144,us,Temple University
2011,51,2,POR,Jon Diebler,23.006,us,Ohio State University
2011,52,2,DET,Vernon Macklin,24.282,us,University of Florida
2011,53,2,ORL,DeAndre Liggins,23.089,us,University of Kentucky
2011,54,2,CLE,Milan Macvan,21.224,hr,
2011,55,2,BOS,E'Twaun Moore,22.123,us,Purdue University
2011,56,2,LAL,Chukwudiebere Maduabum,20.101,ng,
2011,57,2,DAL,Targuy Ngombo,,,
2011,58,2,LAL,Ater Majok,23.36,sd,
2011,59,2,SAS,Adam Hanga,22.077,hu,
2011,60,2,SAC,Isaiah Thomas,22.141,us,University of Washington
2010,1,1,WAS,John Wall,19.296,us,University of Kentucky
2010,2,1,PHI,Evan Turner,21.245,us,Ohio State University
2010,3,1,NJN,Derrick Favors,18.349,us,Georgia Institute of Technology
2010,4,1,MIN,Wesley Johnson,22.354,us,Syracuse University
2010,5,1,SAC,DeMarcus Cousins,19.32,us,University of Kentucky
2010,6,1,GSW,Ekpe Udoh,23.041,us,Baylor University
2010,7,1,DET,Greg Monroe,20.025,us,Georgetown University
2010,8,1,LAC,Al-Farouq Aminu,19.281,us,Wake Forest University
2010,9,1,UTA,Gordon Hayward,20.098,us,Butler University
2010,10,1,IND,Paul George,20.058,us,"California State University, Fresno"
2010,11,1,NOH,Cole Aldrich,21.241,us,University of Kansas
2010,12,1,MEM,Xavier Henry,19.106,be,University of Kansas
2010,13,1,TOR,Ed Davis,21.024,us,University of North Carolina
2010,14,1,HOU,Patrick Patterson,21.107,us,University of Kentucky
2010,15,1,MIL,Larry Sanders,21.22,us,Virginia Commonwealth University
2010,16,1,MIN,Luke Babbitt,21.009,us,"University of Nevada, Reno"
2010,17,1,CHI,Kevin Seraphin,20.204,gf,
2010,18,1,OKC,Eric Bledsoe,20.202,us,University of Kentucky
2010,19,1,BOS,Avery Bradley,19.215,us,University of Texas at Austin
2010,20,1,SAS,James Anderson,21.096,us,Oklahoma State University
2010,21,1,OKC,Craig Brackins,22.264,us,Iowa State University
2010,22,1,POR,Elliot Williams,21.009,us,University of Memphis
2010,23,1,MIN,Trevor Booker,22.217,us,Clemson University
2010,24,1,ATL,Damion James,22.266,us,University of Texas at Austin
2010,25,1,MEM,Dominique Jones,21.257,us,University of South Florida
2010,26,1,OKC,Quincy Pondexter,22.111,us,University of Washington
2010,27,1,NJN,Jordan Crawford,21.249,us,Xavier University
2010,28,1,MEM,Greivis Vasquez,23.165,ve,University of Maryland
2010,29,1,ORL,Daniel Orton,19.327,us,University of Kentucky
2010,30,1,WAS,Lazar Hayward,23.216,us,Marquette University
2010,31,2,NJN,Tibor Pleiss,20.239,de,
2010,32,2,MIA,Dexter Pittman,22.119,us,University of Texas at Austin
2010,33,2,SAC,Hassan Whiteside,21.016,us,Marshall University
2010,34,2,POR,Armon Johnson,21.126,us,"University of Nevada, Reno"
2010,35,2,WAS,Nemanja Bjelica,22.051,rs,
2010,36,2,DET,Terrico White,,,University of Mississippi
2010,37,2,MIL,Darington Hobson,22.274,us,University of New Mexico
2010,38,2,NYK,Andy Rautins,23.24,us,Syracuse University
2010,39,2,NYK,Landry Fields,22.002,us,Stanford University
2010,40,2,IND,Lance Stephenson,19.297,us,University of Cincinnati
2010,41,2,MIA,Jarvis Varnado,22.12,us,Mississippi State University
2010,42,2,MIA,Da'Sean Butler,,,West Virginia University
2010,43,2,LAL,Devin Ebanks,20.244,us,West Virginia University
2010,44,2,MIL,Jerome Jordan,23.274,jm,University of Tulsa
2010,45,2,MIN,Paulao Prestes,22.135,br,
2010,46,2,PHO,Gani Lawal,21.234,us,Georgia Institute of Technology
2010,47,2,MIL,Tiny Gallon,,,University of Oklahoma
2010,48,2,MIA,Latavious Williams,21.092,us,
2010,49,2,SAS,Ryan Richards,19.066,gb,
2010,50,2,DAL,Solomon Alabi,22.1,ng,Florida State University
2010,51,2,OKC,Magnum Rolle,,,Louisiana Tech University
2010,52,2,BOS,Luke Harangody,22.179,us,University of Notre Dame
2010,53,2,ATL,Pape Sy,22.085,fr,
2010,54,2,LAC,Willie Warren,20.25,us,University of Oklahoma
2010,55,2,UTA,Jeremy Evans,22.249,us,Western Kentucky University
2010,56,2,MIN,Hamady N'Diaye,23.169,sn,Rutgers University
2010,57,2,IND,Ryan Reid,23.243,us,Florida State University
2010,58,2,LAL,Derrick Caracter,22.056,us,University of Texas at El Paso
2010,59,2,ORL,Stanley Robinson,,,University of Connecticut
2010,60,2,PHO,Dwayne Collins,22.077,us,University of Miami
2009,1,1,LAC,Blake Griffin,20.106,us,University of Oklahoma
2009,2,1,MEM,Hasheem Thabeet,22.135,tz,University of Connecticut
2009,3,1,OKC,James Harden,19.308,us,Arizona State University
2009,4,1,SAC,Tyreke Evans,19.284,us,University of Memphis
2009,5,1,MIN,Ricky Rubio,18.252,es,
2009,6,1,MIN,Jonny Flynn,20.144,us,Syracuse University
2009,7,1,GSW,Stephen Curry,21.108,us,Davidson College
2009,8,1,NYK,Jordan Hill,21.339,us,University of Arizona
2009,9,1,TOR,DeMar DeRozan,19.327,us,University of Southern California
2009,10,1,MIL,Brandon Jennings,19.28,us,
2009,11,1,NJN,Terrence Williams,22.003,us,University of Louisville
2009,12,1,CHA,Gerald Henderson,21.204,us,Duke University
2009,13,1,IND,Tyler Hansbrough,23.24,us,University of North Carolina
2009,14,1,PHO,Earl Clark,21.165,us,University of Louisville
2009,15,1,DET,Austin Daye,21.025,us,Gonzaga University
2009,16,1,CHI,James Johnson,22.131,us,Wake Forest University
2009,17,1,PHI,Jrue Holiday,19.018,us,"University of California, Los Angeles"
2009,18,1,MIN,Ty Lawson,21.24,us,University of North Carolina
2009,19,1,ATL,Jeff Teague,21.02,us,Wake Forest University
2009,20,1,UTA,Eric Maynor,22.02,us,Virginia Commonwealth University
2009,21,1,NOH,Darren Collison,21.312,us,"University of California, Los Angeles"
2009,22,1,POR,Victor Claver,20.304,es,
2009,23,1,SAC,Omri Casspi,21.008,il,
2009,24,1,DAL,Byron Mullens,20.136,us,Ohio State University
2009,25,1,OKC,Rodrigue Beaubois,21.127,gp,
2009,26,1,CHI,Taj Gibson,24.007,us,University of Southern California
2009,27,1,MEM,DeMarre Carroll,22.339,us,University of Missouri
2009,28,1,MIN,Wayne Ellington,21.214,us,University of North Carolina
2009,29,1,LAL,Toney Douglas,23.107,us,Florida State University
2009,30,1,CLE,Christian Eyenga,20.008,cd,
2009,31,2,SAC,Jeff Pendergraph,22.063,us,Arizona State University
2009,32,2,WAS,Jermaine Taylor,22.205,us,University of Central Florida
2009,33,2,POR,Dante Cunningham,22.07,us,Villanova University
2009,34,2,DEN,Sergio Llull,21.228,es,
2009,35,2,DET,DaJuan Summers,21.158,us,Georgetown University
2009,36,2,MEM,Sam Young,24.03,us,University of Pittsburgh
2009,37,2,SAS,DeJuan Blair,20.069,us,University of Pittsburgh
2009,38,2,POR,Jon Brockman,22.103,us,University of Washington
2009,39,2,DET,Jonas Jerebko,22.121,se,
2009,40,2,CHA,Derrick Brown,21.296,us,Xavier University
2009,41,2,MIL,Jodie Meeks,21.314,us,University of Kentucky
2009,42,2,LAL,Patrick Beverley,20.353,us,University of Arkansas
2009,43,2,MIA,Marcus Thornton,22.026,us,Louisiana State University
2009,44,2,DET,Chase Budinger,21.039,us,University of Arizona
2009,45,2,MIN,Nick Calathes,20.143,us,University of Florida
2009,46,2,CLE,Danny Green,22.009,us,University of North Carolina
2009,47,2,MIN,Henk Norel,21.287,nl,
2009,48,2,PHO,Taylor Griffin,23.074,us,University of Oklahoma
2009,49,2,ATL,Sergiy Gladyr,19.256,ua,
2009,50,2,UTA,Goran Suton,,,Michigan State University
2009,51,2,SAS,Jack McClinton,,,University of Miami
2009,52,2,IND,A.J. Price,22.267,us,University of Connecticut
2009,53,2,SAS,Nando De Colo,22.008,fr,
2009,54,2,CHA,Robert Vaden,,,University of Alabama at Birmingham
2009,55,2,POR,Patrick Mills,20.323,au,Saint Mary's College of California
2009,56,2,DAL,Ahmad Nivins,,,Saint Joseph's University
2009,57,2,PHO,Emir Preldzic,21.298,ba,
2009,58,2,BOS,Lester Hudson,24.328,us,University of Tennessee at Martin
2009,59,2,LAL,Chinemelu Elonu,22.112,ng,Texas A&M University
2009,60,2,MIA,Robert Dozier,,,University of Memphis
2008,1,1,CHI,Derrick Rose,19.27,us,University of Memphis
2008,2,1,MIA,Michael Beasley,19.173,us,Kansas State University
2008,3,1,MIN,O.J. Mayo,20.239,us,University of Southern California
2008,4,1,SEA,Russell Westbrook,19.231,us,"University of California, Los Angeles"
2008,5,1,MEM,Kevin Love,19.297,us,"University of California, Los Angeles"
2008,6,1,NYK,Danilo Gallinari,19.327,it,
2008,7,1,LAC,Eric Gordon,19.188,us,Indiana University
2008,8,1,MIL,Joe Alexander,21.188,tw,West Virginia University
2008,9,1,CHA,D.J. Augustin,20.234,us,University of Texas at Austin
2008,10,1,NJN,Brook Lopez,20.091,us,Stanford University
2008,11,1,IND,Jerryd Bayless,19.315,us,University of Arizona
2008,12,1,SAC,Jason Thompson,21.346,us,Rider University
2008,13,1,POR,Brandon Rush,22.36,us,University of Kansas
2008,14,1,GSW,Anthony Randolph,18.351,de,Louisiana State University
2008,15,1,PHO,Robin Lopez,20.091,us,Stanford University
2008,16,1,PHI,Marreese Speights,20.332,us,University of Florida
2008,17,1,TOR,Roy Hibbert,21.203,us,Georgetown University
2008,18,1,WAS,JaVale McGee,20.164,us,"University of Nevada, Reno"
2008,19,1,CLE,J.J. Hickson,19.3,us,North Carolina State University
2008,20,1,CHA,Alexis Ajinca,20.056,fr,
2008,21,1,NJN,Ryan Anderson,20.056,us,University of California
2008,22,1,ORL,Courtney Lee,22.272,us,Western Kentucky University
2008,23,1,UTA,Kosta Koufos,19.127,us,Ohio State University
2008,24,1,SEA,Serge Ibaka,18.286,cg,
2008,25,1,HOU,Nicolas Batum,19.199,fr,
2008,26,1,SAS,George Hill,22.059,us,Indiana University-Purdue University Indianapolis
2008,27,1,NOH,Darrell Arthur,20.098,us,University of Kansas
2008,28,1,MEM,Donte Greene,20.131,de,Syracuse University
2008,29,1,DET,D.J. White,21.305,us,Indiana University
2008,30,1,BOS,J.R. Giddens,23.139,us,University of New Mexico
2008,31,2,MIN,Nikola Pekovic,22.18,me,
2008,32,2,SEA,Walter Sharpe,21.349,us,University of Alabama at Birmingham
2008,33,2,POR,Joey Dorsey,24.199,us,University of Memphis
2008,34,2,MIN,Mario Chalmers,22.044,us,University of Kansas
2008,35,2,LAC,DeAndre Jordan,19.345,us,Texas A&M University
2008,36,2,POR,Omer Asik,21.363,tr,
2008,37,2,MIL,Luc Mbah a Moute,21.296,cm,"University of California, Los Angeles"
2008,38,2,CHA,Kyle Weaver,22.134,us,Washington State University
2008,39,2,CHI,Sonny Weems,21.359,us,University of Arkansas
2008,40,2,NJN,Chris Douglas-Roberts,21.175,us,University of Memphis
2008,41,2,IND,Nathan Jawai,21.265,au,
2008,42,2,SAC,Sean Singletary,22.299,us,University of Virginia
2008,43,2,SAC,Patrick Ewing,24.043,us,Georgetown University
2008,44,2,UTA,Ante Tomic,21.135,hr,
2008,45,2,SAS,Goran Dragic,22.057,si,
2008,46,2,SEA,Trent Plaisted,,,Brigham Young University Hawaii
2008,47,2,WAS,Bill Walker,20.266,us,Kansas State University
2008,48,2,PHO,Malik Hairston,21.129,us,University of Oregon
2008,49,2,GSW,Richard Hendrix,,,University of Alabama
2008,50,2,SEA,DeVon Hardin,21.329,us,University of California
2008,51,2,DAL,Shan Foster,,,Vanderbilt University
2008,52,2,MIA,Darnell Jackson,22.237,us,University of Kansas
2008,53,2,UTA,Tadija Dragicevic,22.155,rs,
2008,54,2,HOU,Maarty Leunen,22.302,us,University of Oregon
2008,55,2,POR,Mike Taylor,22.162,us,Iowa State University
2008,56,2,SEA,Sasha Kaun,23.055,ru,University of Kansas
2008,57,2,SAS,James Gist,,,University of Maryland
2008,58,2,LAL,Joe Crawford,22.015,us,University of Kentucky
2008,59,2,DET,Deron Washington,,,Virginia Polytechnic Institute and State University
2008,60,2,BOS,Semih Erden,21.339,tr,
2007,1,1,POR,Greg Oden,19.162,us,Ohio State University
2007,2,1,SEA,Kevin Durant,18.276,us,University of Texas at Austin
2007,3,1,ATL,Al Horford,21.03,do,University of Florida
2007,4,1,MEM,Mike Conley,19.265,us,Ohio State University
2007,5,1,BOS,Jeff Green,20.309,us,Georgetown University
2007,6,1,MIL,Yi Jianlian,19.249,cn,
2007,7,1,MIN,Corey Brewer,21.12,us,University of Florida
2007,8,1,CHA,Brandan Wright,19.271,us,University of North Carolina
2007,9,1,CHI,Joakim Noah,22.128,us,University of Florida
2007,10,1,SAC,Spencer Hawes,19.065,us,University of Washington
2007,11,1,ATL,Acie Law,22.159,us,Texas A&M University
2007,12,1,PHI,Thaddeus Young,19.011,us,Georgia Institute of Technology
2007,13,1,NOK,Julian Wright,20.044,us,University of Kansas
2007,14,1,LAC,Al Thornton,23.209,us,Florida State University
2007,15,1,DET,Rodney Stuckey,21.073,us,Eastern Washington University
2007,16,1,WAS,Nick Young,22.032,us,University of Southern California
2007,17,1,NJN,Sean Williams,20.293,us,Boston College
2007,18,1,GSW,Marco Belinelli,21.1,it,
2007,19,1,LAL,Javaris Crittenton,19.184,us,Georgia Institute of Technology
2007,20,1,MIA,Jason Smith,21.123,us,Colorado State University
2007,21,1,PHI,Daequan Cook,20.066,us,Ohio State University
2007,22,1,CHA,Jared Dudley,21.358,us,Boston College
2007,23,1,NYK,Wilson Chandler,20.054,us,DePaul University
2007,24,1,PHO,Rudy Fernandez,22.09,es,
2007,25,1,UTA,Morris Almond,22.151,us,Rice University
2007,26,1,HOU,Aaron Brooks,22.17,us,University of Oregon
2007,27,1,DET,Arron Afflalo,21.261,us,"University of California, Los Angeles"
2007,28,1,SAS,Tiago Splitter,22.183,br,
2007,29,1,PHO,Alando Tucker,23.143,us,University of Wisconsin
2007,30,1,PHI,Petteri Koponen,19.08,fi,
2007,31,2,SEA,Carl Landry,23.288,us,Purdue University
2007,32,2,BOS,Gabe Pruitt,21.075,us,University of Southern California
2007,33,2,SAS,Marcus Williams,20.227,us,University of Arizona
2007,34,2,DAL,Nick Fazekas,22.016,us,"University of Nevada, Reno"
2007,35,2,SEA,Glen Davis,21.183,us,Louisiana State University
2007,36,2,GSW,Jermareo Davidson,22.23,us,University of Alabama
2007,37,2,POR,Josh McRoberts,20.125,us,Duke University
2007,38,2,PHI,Kyrylo Fesenko,20.191,ua,
2007,39,2,MIA,Stanko Barac,20.323,ba,
2007,40,2,LAL,Sun Yue,21.239,cn,
2007,41,2,MIN,Chris Richard,22.19,us,University of Florida
2007,42,2,POR,Derrick Byars,23.069,us,Vanderbilt University
2007,43,2,NOK,Adam Haluska,,,University of Iowa
2007,44,2,ORL,Reyshawn Terry,,,University of North Carolina
2007,45,2,LAC,Jared Jordan,,,Marist College
2007,46,2,GSW,Stephane Lasme,24.199,ga,University of Massachusetts Amherst
2007,47,2,WAS,Dominic McGuire,21.256,us,"California State University, Fresno"
2007,48,2,LAL,Marc Gasol,22.155,es,
2007,49,2,CHI,Aaron Gray,22.208,us,University of Pittsburgh
2007,50,2,DAL,Renaldas Seibutis,21.345,lt,
2007,51,2,CHI,JamesOn Curry,21.177,us,Oklahoma State University
2007,52,2,POR,Taurean Green,20.217,us,University of Florida
2007,53,2,POR,Demetris Nichols,22.302,us,Syracuse University
2007,54,2,HOU,Brad Newley,22.135,au,
2007,55,2,UTA,Herbert Hill,,,Providence College
2007,56,2,MIL,Ramon Sessions,21.083,us,"University of Nevada, Reno"
2007,57,2,DET,Sammy Mejia,,,DePaul University
2007,58,2,SAS,Giorgos Printezis,22.131,gr,
2007,59,2,PHO,D.J. Strawberry,22.018,us,University of Maryland
2007,60,2,DAL,Milovan Rakovic,22.134,rs,
2006,1,1,TOR,Andrea Bargnani,20.25,it,
2006,2,1,CHI,LaMarcus Aldridge,20.349,us,University of Texas at Austin
2006,3,1,CHA,Adam Morrison,21.349,us,Gonzaga University
2006,4,1,POR,Tyrus Thomas,19.32,us,Louisiana State University
2006,5,1,ATL,Shelden Williams,22.256,us,Duke University
2006,6,1,MIN,Brandon Roy,21.345,us,University of Washington
2006,7,1,BOS,Randy Foye,22.283,us,Villanova University
2006,8,1,HOU,Rudy Gay,19.32,us,University of Connecticut
2006,9,1,GSW,Patrick O'Bryant,20.013,us,Bradley University
2006,10,1,SEA,Mouhamed Sene,20.052,sn,
2006,11,1,ORL,J.J. Redick,22.009,us,Duke University
2006,12,1,NOK,Hilton Armstrong,21.234,us,University of Connecticut
2006,13,1,PHI,Thabo Sefolosha,22.062,ch,
2006,14,1,UTA,Ronnie Brewer,21.105,us,University of Arkansas
2006,15,1,NOK,Cedric Simmons,20.181,us,North Carolina State University
2006,16,1,CHI,Rodney Carney,22.079,us,University of Memphis
2006,17,1,IND,Shawne Williams,20.137,us,University of Memphis
2006,18,1,WAS,Oleksiy Pecherov,20.207,ua,
2006,19,1,SAC,Quincy Douby,22.048,us,Rutgers University
2006,20,1,NYK,Renaldo Balkman,21.354,us,University of South Carolina
2006,21,1,PHO,Rajon Rondo,20.131,us,University of Kentucky
2006,22,1,NJN,Marcus Williams,20.212,us,University of Connecticut
2006,23,1,NJN,Josh Boone,21.224,us,University of Connecticut
2006,24,1,MEM,Kyle Lowry,20.1,us,Villanova University
2006,25,1,CLE,Shannon Brown,20.216,us,Michigan State University
2006,26,1,LAL,Jordan Farmar,19.215,us,"University of California, Los Angeles"
2006,27,1,PHO,Sergio Rodriguez,20.021,es,
2006,28,1,DAL,Maurice Ager,22.145,us,Michigan State University
2006,29,1,NYK,Mardy Collins,21.333,us,Temple University
2006,30,1,POR,Joel Freeland,19.146,gb,
2006,31,2,POR,James White,23.256,us,University of Cincinnati
2006,32,2,HOU,Steve Novak,23.021,us,Marquette University
2006,33,2,ATL,Solomon Jones,21.352,us,University of South Florida
2006,34,2,LAC,Paul Davis,21.347,us,Michigan State University
2006,35,2,TOR,P.J. Tucker,21.059,us,University of Texas at Austin
2006,36,2,MIN,Craig Smith,22.236,us,Boston College
2006,37,2,MIN,Bobby Jones,22.176,us,University of Washington
2006,38,2,GSW,Kosta Perovic,21.134,hr,
2006,39,2,MIL,David Noel,22.127,us,University of North Carolina
2006,40,2,SEA,Denham Brown,,,University of Connecticut
2006,41,2,ORL,James Augustine,22.127,us,University of Illinois at Urbana-Champaign
2006,42,2,CLE,Daniel Gibson,20.126,us,University of Texas at Austin
2006,43,2,NOK,Marcus Vinicius,22.033,br,
2006,44,2,ORL,Lior Eliyahu,20.297,il,
2006,45,2,IND,Alexander Johnson,23.146,us,Florida State University
2006,46,2,UTA,Dee Brown,21.32,us,University of Illinois at Urbana-Champaign
2006,47,2,UTA,Paul Millsap,21.143,us,Louisiana Tech University
2006,48,2,WAS,Vladimir Veremeenko,21.347,by,
2006,49,2,DEN,Leon Powe,22.163,us,University of California
2006,50,2,CHA,Ryan Hollins,21.266,us,"University of California, Los Angeles"
2006,51,2,LAL,Cheikh Samb,21.254,sn,
2006,52,2,LAC,Guillermo Diaz,21.121,pr,University of Miami
2006,53,2,SEA,Yotam Halperin,22.161,il,
2006,54,2,NJN,Hassan Adams,22.013,us,University of Arizona
2006,55,2,CLE,Ejike Ugboaja,21.036,ng,
2006,56,2,TOR,Edin Bavcic,22.028,ba,
2006,57,2,MIN,Loukas Mavrokefalidis,,,
2006,58,2,DAL,J.R. Pinnock,,,George Washington University
2006,59,2,SAS,Damir Markota,20.189,ba,
2006,60,2,DET,Will Blalock,22.299,us,Iowa State University