Year,Rnd,Pick,Player,Team,Pos,Height,Weight,Age,YOS,Pre-Draft Team
2006,1,1,Andrea Bargnani,Toronto Raptors,PF/C,36708,245,20,10,Universo De'Longhi Treviso (Italy)
2006,1,2,LaMarcus Aldridge,Chicago Bulls,PF/C,43627,260,20,12,Texas
2006,1,3,Adam Morrison,Charlotte Hornets,SF,43624,198,21,4,Gonzaga
2006,1,4,Tyrus Thomas,Portland Trail Blazers,PF/SF,43626,225,19,8,LSU
2006,1,5,Shelden Williams,Atlanta Hawks,PF,43625,250,22,6,Duke
2006,1,6,Brandon Roy,Minnesota Timberwolves,SG/SF,43622,211,21,6,Washington
2006,1,7,Randy Foye,Boston Celtics,SG,43620,218,22,11,Villanova
2006,1,8,Rudy Gay,Houston Rockets,SF,43624,230,19,12,Connecticut
2006,1,9,Patrick O'Bryant,Golden State Warriors,C,36708,250,20,4,Bradley
2006,1,10,Saer Sene,Seattle SuperSonics,C,36708,230,20,3,Voo Wolves Verviers-Pepinster (Belgium)
2006,1,11,J.J. Redick,Orlando Magic,SG,43620,195,22,12,Duke
2006,1,12,Hilton Armstrong,New Orleans Pelicans,PF/C,43627,235,21,6,Connecticut
2006,1,13,Thabo Sefolosha,Philadelphia Sixers,SF/SG,43623,220,22,12,Pallacanestro Biella (Italy)
2006,1,14,Ronnie Brewer,Utah Jazz,SF,43623,235,21,8,Arkansas
2006,1,15,Cedric Simmons,New Orleans Pelicans,FC,43625,235,20,3,NC State
2006,1,16,Rodney Carney,Chicago Bulls,SF,43623,205,22,5,Memphis
2006,1,17,Shawne Williams,Indiana Pacers,SF/PF,43626,230,20,8,Memphis
2006,1,18,Oleksiy Pecherov,Washington Wizards,C,36708,232,20,3,Paris Basket Racing (France)
2006,1,19,Quincy Douby,Sacramento Kings,G,43619,175,22,4,Rutgers
2006,1,20,Renaldo Balkman,New York Knicks,SF/PF,43624,208,21,6,South Carolina
2006,1,21,Rajon Rondo,Phoenix Suns,PG,43617,186,20,12,Kentucky
2006,1,22,Marcus D. Williams,New Jersey Nets,G,43619,205,20,4,Connecticut
2006,1,23,Josh Boone,New Jersey Nets,FC,43626,237,21,4,Connecticut
2006,1,24,Kyle Lowry,Memphis Grizzlies,PG,43617,196,20,12,Villanova
2006,1,25,Shannon Brown,Cleveland Cavaliers,SG,43620,210,20,9,Michigan State
2006,1,26,Jordan Farmar,Los Angeles Lakers,PG,43618,180,19,10,UCLA
2006,1,27,Sergio Rodriguez,Phoenix Suns,PG,43619,176,20,5,Movistar Estudiantes (Spain)
2006,1,28,Maurice Ager,Dallas Mavericks,F-G,43621,202,22,4,Michigan State
2006,1,29,Mardy Collins,New York Knicks,SG,43622,220,21,4,Temple
2006,1,30,Joel Freeland,Portland Trail Blazers,PF,43627,255,19,3,Herbalife Gran Canaria (Spain)
2006,2,31,James White,Portland Trail Blazers,SG/SF,43623,215,23,3,Cincinnati
2006,2,32,Steve Novak,Houston Rockets,PF,43626,225,23,11,Marquette
2006,2,33,Solomon Jones,Atlanta Hawks,PF,43626,230,21,8,South Florida
2006,2,34,Paul Davis,Los Angeles Clippers,FC,43627,270,21,4,Michigan State
2006,2,35,P.J. Tucker,Toronto Raptors,SF,43622,245,21,7,Texas
2006,2,36,Craig Smith,Minnesota Timberwolves,PF,43623,250,22,6,Boston College
2006,2,37,Bobby Jones,Minnesota Timberwolves,F,43623,215,22,2,Washington
2006,2,38,Kosta Perovic,Golden State Warriors,C,43648,240,21,1,KK Partizan (Serbia)
2006,2,39,David Noel,Milwaukee Bucks,SF,43622,230,22,2,North Carolina
2006,2,40,Denham Brown,Seattle SuperSonics,GF,43621,218,23,0,Connecticut
2006,2,41,James Augustine,Orlando Magic,FC,43626,235,22,2,Illinois
2006,2,42,Daniel Gibson,Cleveland Cavaliers,SG/PG,43618,200,20,7,Texas
2006,2,43,Marquinhos Vinicius,New Orleans Pelicans,F,43625,225,22,2,Objetivo Sao Carlos (Brazil)
2006,2,44,Lior Eliyahu,Orlando Magic,PF,43623,225,20,0,Hapoel Galil Gilboa (Israel)
2006,2,45,Alexander Johnson,Indiana Pacers,F,43625,240,23,3,Florida State
2006,2,46,Dee Brown,Utah Jazz,G,36678,185,21,2,Illinois
2006,2,47,Paul Millsap,Utah Jazz,PF/C,43624,246,21,12,Louisiana Tech
2006,2,48,Vladimir Veremeenko,Washington Wizards,PF,43624,229,21,0,Dynamo Saint Petersburg (Russia)
2006,2,49,Leon Powe,Denver Nuggets,F,43624,240,22,5,California
2006,2,50,Ryan Hollins,Charlotte Hornets,C,36708,230,21,10,UCLA
2006,2,51,Cheickh Samb,Los Angeles Lakers,C,43647,245,21,2,WTC Cornella (Spain)
2006,2,52,Guillermo Diaz,Los Angeles Clippers,G,43618,192,21,1,Miami (FL)
2006,2,53,Yotam Halperin,Seattle SuperSonics,SG,43620,210,22,0,Union Olimpija (Slovenia)
2006,2,54,Hassan Adams,New Jersey Nets,G,43620,220,22,2,Arizona
2006,2,55,Ejike Ugboaja,Cleveland Cavaliers,F,43625,225,21,0,Union Bank Lagos (Nigeria)
2006,2,56,Edin Bavcic,Toronto Raptors,C,43624,242,22,0,KK Bosna (Bosnia and Herzegovina)
2006,2,57,Loukas Mavrokefalidis,Minnesota Timberwolves,C,43626,260,21,0,PAOK BC (Greece)
2006,2,58,J.R. Pinnock,Dallas Mavericks,SG,43621,207,22,0,George Washington
2006,2,59,Damir Markota,San Antonio Spurs,PF,43626,260,20,1,KK Cibona (Croatia)
2006,2,60,Will Blalock,Detroit Pistons,G,43617,200,22,1,Iowa State
2007,1,1,Greg Oden,Portland Trail Blazers,C,36708,273,19,6,Ohio State
2007,1,2,Kevin Durant,Seattle SuperSonics,SF/SG,43625,240,18,11,Texas
2007,1,3,Al Horford,Atlanta Hawks,C/PF,43626,245,21,11,Florida
2007,1,4,Mike Conley,Memphis Grizzlies,PG,43617,175,19,11,Ohio State
2007,1,5,Jeff Green,Boston Celtics,PF,43625,235,20,10,Georgetown
2007,1,6,Jianlian Yi,Milwaukee Bucks,F,36708,250,19,5,Guangdong Dongguan (China)
2007,1,7,Corey Brewer,Minnesota Timberwolves,SF,43625,186,21,11,Florida
2007,1,8,Brandan Wright,Charlotte Hornets,C/PF,43626,210,19,11,North Carolina
2007,1,9,Joakim Noah,Chicago Bulls,C/PF,43627,230,22,11,Florida
2007,1,10,Spencer Hawes,Sacramento Kings,C/PF,43647,245,19,10,Washington
2007,1,11,Acie Law,Atlanta Hawks,SG,43619,202,22,4,Texas A&M
2007,1,12,Thaddeus Young,Philadelphia Sixers,PF/SF,43624,221,19,11,Georgia Tech
2007,1,13,Julian Wright,New Orleans Pelicans,F,43624,225,20,4,Kansas
2007,1,14,Al Thornton,Los Angeles Clippers,F,43624,203,23,4,Florida State
2007,1,15,Rodney Stuckey,Detroit Pistons,SG/PG,43621,205,21,10,Eastern Washington
2007,1,16,Nick Young,Washington Wizards,SG,43623,210,22,11,USC
2007,1,17,Sean Williams,New Jersey Nets,PF/C,43626,235,20,4,Boston College
2007,1,18,Marco Belinelli,Golden State Warriors,SG,43621,210,21,11,Fortituto Kontatto Bologna (Italy)
2007,1,19,Javaris Crittenton,Los Angeles Lakers,G,43621,200,19,3,Georgia Tech
2007,1,20,Jason Smith,Miami Heat,PF/C,36708,240,21,11,Colorado State
2007,1,21,Daequan Cook,Philadelphia Sixers,SG,43621,205,20,6,Ohio State
2007,1,22,Jared Dudley,Charlotte Hornets,SG/SF,43623,237,21,11,Boston College
2007,1,23,Wilson Chandler,New York Knicks,PF/SF,43625,225,20,11,DePaul
2007,1,24,Rudy Fernandez,Phoenix Suns,SG,43622,185,22,4,Divina Seguros Joventut (Spain)
2007,1,25,Morris Almond,Utah Jazz,SG,43622,220,22,3,Rice
2007,1,26,Aaron Brooks,Houston Rockets,PG,36678,161,22,10,Oregon
2007,1,27,Arron Afflalo,Detroit Pistons,SG,43621,210,21,11,UCLA
2007,1,28,Tiago Splitter,San Antonio Spurs,C/PF,43627,245,22,7,KIROLBET Baskonia Vitoria-Gasteiz (Spain)
2007,1,29,Alando Tucker,Phoenix Suns,SF,43622,205,23,3,Wisconsin
2007,1,30,Petteri Koponen,Philadelphia Sixers,G,43620,195,19,0,Tapiolan Honka (Finland)
2007,2,31,Carl Landry,Seattle SuperSonics,PF,43625,248,23,9,Purdue
2007,2,32,Gabe Pruitt,Boston Celtics,PG,43620,185,21,2,USC
2007,2,33,Marcus E. Williams,San Antonio Spurs,F,43623,207,20,2,Arizona
2007,2,34,Nick Fazekas,Dallas Mavericks,F,43627,240,22,1,Nevada
2007,2,35,Glen Davis,Seattle SuperSonics,PF,43625,289,21,8,LSU
2007,2,36,Jermareo Davidson,Golden State Warriors,PF,43626,230,22,2,Alabama
2007,2,37,Josh McRoberts,Portland Trail Blazers,PF/C,43626,240,20,11,Duke
2007,2,38,Kyrylo Fesenko,Philadelphia Sixers,C,43647,280,20,5,BK Cherkassy (Ukraine)
2007,2,39,Stanko Barac,Miami Heat,C,43647,245,20,0,BC Siroki (Bosnia and Herzegovina)
2007,2,40,Yue Sun,Los Angeles Lakers,G,43624,205,21,1,Beijing Olympians (United States)
2007,2,41,Chris Richard,Minnesota Timberwolves,F,43625,255,22,2,Florida
2007,2,42,Derrick Byars,Portland Trail Blazers,SG/SF,43623,220,23,2,Vanderbilt
2007,2,43,Adam Haluska,New Orleans Pelicans,G,43621,210,23,1,Iowa
2007,2,44,Reyshawn Terry,Orlando Magic,PF,43624,235,23,0,North Carolina
2007,2,45,Jared Jordan,Los Angeles Clippers,G,43618,187,22,0,Marist
2007,2,46,Stephane Lasme,Golden State Warriors,F,43624,215,24,1,Massachusetts
2007,2,47,Dominic McGuire,Washington Wizards,SF,43625,235,21,6,Fresno State
2007,2,48,Marc Gasol,Los Angeles Lakers,C,43647,255,22,10,Sant Josep Girona (Spain)
2007,2,49,Aaron Gray,Chicago Bulls,C,36708,270,22,7,Pittsburgh
2007,2,50,Renaldas Seibutis,Dallas Mavericks,SG,43621,176,21,0,Maroussi BC (Greece)
2007,2,51,JamesOn Curry,Chicago Bulls,G,43620,200,21,2,Oklahoma State
2007,2,52,Taurean Green,Portland Trail Blazers,PG,36678,177,20,1,Florida
2007,2,53,Demetris Nichols,Portland Trail Blazers,SF,43624,216,22,2,Syracuse
2007,2,54,Brad Newley,Houston Rockets,SF,43622,205,22,0,Lietuvos Rytas (Lithuania)
2007,2,55,Herbert Hill,Utah Jazz,FC,43626,240,22,1,Providence
2007,2,56,Ramon Sessions,Milwaukee Bucks,PG,43619,190,21,11,Nevada
2007,2,57,Sammy Mejia,Detroit Pistons,SF,43622,190,24,0,DePaul
2007,2,58,Georgios Printezis,San Antonio Spurs,F,43625,235,22,0,Ifestos Limnou (Greece)
2007,2,59,D.J. Strawberry,Phoenix Suns,G,43621,205,22,1,Maryland
2007,2,60,Milovan Rakovic,Dallas Mavericks,PF,43626,286,22,0,KK Mega Bemax (Serbia)
2008,1,1,Derrick Rose,Chicago Bulls,PG,43619,190,19,10,Memphis
2008,1,2,Michael Beasley,Miami Heat,PF/SF,43625,235,19,10,Kansas State
2008,1,3,O.J. Mayo,Minnesota Timberwolves,SG,43621,210,20,8,USC
2008,1,4,Russell Westbrook,Seattle SuperSonics,PG,43619,200,19,10,UCLA
2008,1,5,Kevin Love,Memphis Grizzlies,PF/C,43626,251,19,10,UCLA
2008,1,6,Danilo Gallinari,New York Knicks,SF,43626,225,19,10,EA7 Emporio Armani Milano (Italy)
2008,1,7,Eric Gordon,Los Angeles Clippers,SG,43620,215,19,10,Indiana
2008,1,8,Joe Alexander,Milwaukee Bucks,SF,43624,230,21,3,West Virginia
2008,1,9,D.J. Augustin,Charlotte Hornets,PG,36678,183,20,10,Texas
2008,1,10,Brook Lopez,New Jersey Nets,C,36708,270,20,10,Stanford
2008,1,11,Jerryd Bayless,Indiana Pacers,SG/PG,43619,210,19,10,Arizona
2008,1,12,Jason Thompson,Sacramento Kings,PF,43627,250,21,8,Rider
2008,1,13,Brandon Rush,Portland Trail Blazers,SG,43622,220,22,10,Kansas
2008,1,14,Anthony Randolph,Golden State Warriors,PF,43627,225,18,6,LSU
2008,1,15,Robin Lopez,Phoenix Suns,C/PF,36708,275,20,10,Stanford
2008,1,16,Marreese Speights,Philadelphia Sixers,PF/C,43626,255,20,10,Florida
2008,1,17,Roy Hibbert,Toronto Raptors,C,43648,270,21,9,Georgetown
2008,1,18,JaVale McGee,Washington Wizards,C/PF,36708,270,20,10,Nevada
2008,1,19,J.J. Hickson,Cleveland Cavaliers,PF/C,43625,242,19,8,NC State
2008,1,20,Alexis Ajinca,Charlotte Hornets,C,43648,248,20,8,Hyeres-Toulon (France)
2008,1,21,Ryan Anderson,New Jersey Nets,PF,43626,240,20,10,California
2008,1,22,Courtney Lee,Orlando Magic,SG,43621,200,22,10,Western Kentucky
2008,1,23,Kosta Koufos,Utah Jazz,C,36708,265,19,10,Ohio State
2008,1,24,Serge Ibaka,Seattle SuperSonics,PF/C,43626,235,18,9,CB L'Hospitalet (Spain)
2008,1,25,Nicolas Batum,Houston Rockets,SG/SF,43624,200,19,10,Le Mans Sarthe Basket (France)
2008,1,26,George Hill,San Antonio Spurs,PG/SG,43619,188,22,10,IUPUI
2008,1,27,Darrell Arthur,New Orleans Pelicans,PF,43625,235,20,10,Kansas
2008,1,28,Donte Greene,Memphis Grizzlies,PF,43627,226,20,5,Syracuse
2008,1,29,D.J. White,Detroit Pistons,PF,43625,250,21,6,Indiana
2008,1,30,J.R. Giddens,Boston Celtics,GF,43621,210,23,2,New Mexico
2008,2,31,Nikola Pekovic,Minnesota Timberwolves,C,43627,307,22,7,Panathinaikos (Greece)
2008,2,32,Walter Sharpe,Seattle SuperSonics,PF,43625,245,21,1,UAB
2008,2,33,Joey Dorsey,Portland Trail Blazers,FC,43625,275,24,4,Memphis
2008,2,34,Mario Chalmers,Minnesota Timberwolves,PG,43618,190,22,9,Kansas
2008,2,35,DeAndre Jordan,Los Angeles Clippers,C,43627,265,19,10,Texas A&M
2008,2,36,Omer Asik,Portland Trail Blazers,C,36708,255,21,8,Fenerbahce Ulker (Turkey)
2008,2,37,Luc Mbah a Moute,Milwaukee Bucks,SF,43624,230,21,10,UCLA
2008,2,38,Kyle Weaver,Charlotte Hornets,SG/PG,43622,200,22,3,Washington State
2008,2,39,Sonny Weems,Chicago Bulls,SF,43622,205,21,4,Arkansas
2008,2,40,Chris Douglas-Roberts,New Jersey Nets,SG,43623,210,21,6,Memphis
2008,2,41,Nathan Jawai,Indiana Pacers,C,43626,280,21,2,Cairns (Australia)
2008,2,42,Sean Singletary,Sacramento Kings,PG,36678,185,22,1,Virginia
2008,2,43,Pat Ewing,Sacramento Kings,PF,43624,237,24,1,Georgetown
2008,2,44,Ante Tomic,Utah Jazz,C,43647,225,21,0,KK Zagreb (Croatia)
2008,2,45,Goran Dragic,San Antonio Spurs,PG,43619,190,22,10,Union Olimpija (Slovenia)
2008,2,46,Trent Plaisted,Seattle SuperSonics,PF/C,43627,245,21,0,Brigham Young
2008,2,47,Henry Walker,Washington Wizards,SG/SF,43622,235,20,5,Kansas State
2008,2,48,Malik Hairston,Phoenix Suns,SF,43622,220,21,2,Oregon
2008,2,49,Richard Hendrix,Golden State Warriors,FC,43625,264,21,1,Alabama
2008,2,50,DeVon Hardin,Seattle SuperSonics,C,43627,235,21,0,California
2008,2,51,Shan Foster,Dallas Mavericks,GF,43622,195,21,0,Vanderbilt
2008,2,52,Darnell Jackson,Miami Heat,PF,43624,241,22,3,Kansas
2008,2,53,Tadija Dragicevic,Utah Jazz,PF,43625,235,22,0,KK Crvena Zvezda (Serbia)
2008,2,54,Maarty Leunen,Houston Rockets,F,43625,220,22,0,Oregon
2008,2,55,Mike Taylor,Portland Trail Blazers,PG,43618,165,22,1,Idaho Stampede
2008,2,56,Sasha Kaun,Seattle SuperSonics,C,43627,250,23,1,Kansas
2008,2,57,James Gist,San Antonio Spurs,PF,43625,235,21,0,Maryland
2008,2,58,Joe Crawford,Los Angeles Lakers,G,43621,207,22,1,Kentucky
2008,2,59,Deron Washington,Detroit Pistons,GF,43623,210,22,0,Virginia Tech
2008,2,60,Semih Erden,Boston Celtics,C,36708,240,21,2,Fenerbahce Ulker (Turkey)
2009,1,1,Blake Griffin,Los Angeles Clippers,PF,43626,250,20,9,Oklahoma
2009,1,2,Hasheem Thabeet,Memphis Grizzlies,C,43649,265,22,5,Connecticut
2009,1,3,James Harden,Oklahoma City Thunder,SG,43621,220,19,9,Arizona State
2009,1,4,Tyreke Evans,Sacramento Kings,SG,43622,220,19,9,Memphis
2009,1,5,Ricky Rubio,Minnesota Timberwolves,PG,43620,190,18,7,Divina Seguros Joventut (Spain)
2009,1,6,Jonny Flynn,Minnesota Timberwolves,PG,43595,196,20,3,Syracuse
2009,1,7,Stephen Curry,Golden State Warriors,PG,43619,190,21,9,Davidson
2009,1,8,Jordan Hill,New York Knicks,PF,43626,240,21,8,Arizona
2009,1,9,DeMar DeRozan,Toronto Raptors,SG/SF,43623,220,19,9,USC
2009,1,10,Brandon Jennings,Milwaukee Bucks,PG,43617,170,19,9,Virtus Roma (Italy)
2009,1,11,Terrence Williams,New Jersey Nets,SG,43622,220,21,4,Louisville
2009,1,12,Gerald Henderson,Charlotte Hornets,SG,43621,215,21,8,Duke
2009,1,13,Tyler Hansbrough,Indiana Pacers,PF,43625,250,23,7,North Carolina
2009,1,14,Earl Clark,Phoenix Suns,PF,43626,234,21,6,Louisville
2009,1,15,Austin Daye,Detroit Pistons,SF/PF,43627,220,21,6,Gonzaga
2009,1,16,James Johnson,Chicago Bulls,PF,43625,240,22,9,Wake Forest
2009,1,17,Jrue Holiday,Philadelphia Sixers,PG,43620,205,19,9,UCLA
2009,1,18,Ty Lawson,Minnesota Timberwolves,PG,43596,195,21,9,North Carolina
2009,1,19,Jeff Teague,Atlanta Hawks,PG,43618,186,21,9,Wake Forest
2009,1,20,Eric Maynor,Utah Jazz,PG,43619,175,22,5,VCU
2009,1,21,Darren Collison,New Orleans Pelicans,PG,36678,175,21,9,UCLA
2009,1,22,Victor Claver,Portland Trail Blazers,SF,43626,235,20,3,Valencia Basket (Spain)
2009,1,23,Omri Casspi,Sacramento Kings,SF,43625,225,21,9,Maccabi FOX Tel Aviv (Israel)
2009,1,24,Byron Mullens,Dallas Mavericks,C,36708,270,20,5,Ohio State
2009,1,25,Rodrigue Beaubois,Oklahoma City Thunder,PG,43617,183,21,4,Cholet Basket (France)
2009,1,26,Taj Gibson,Chicago Bulls,PF,43625,236,24,9,USC
2009,1,27,DeMarre Carroll,Memphis Grizzlies,SF,43624,215,22,9,Missouri
2009,1,28,Wayne Ellington,Minnesota Timberwolves,SG,43621,200,21,9,North Carolina
2009,1,29,Toney Douglas,Los Angeles Lakers,PG,43618,195,23,8,Florida State
2009,1,30,Christian Eyenga,Cleveland Cavaliers,SG/SF,43623,210,20,2,CB Prat Juventud (Spain)
2009,2,31,Jeff Ayres,Sacramento Kings,PF/C,43626,240,22,6,Arizona State
2009,2,32,Jermaine Taylor,Washington Wizards,SG,43621,205,22,2,UCF
2009,2,33,Dante Cunningham,Portland Trail Blazers,PF,43624,230,22,9,Villanova
2009,2,34,Sergio Llull,Denver Nuggets,PG,43619,190,21,0,Real Madrid (Spain)
2009,2,35,DaJuan Summers,Detroit Pistons,PF,43624,230,21,4,Georgetown
2009,2,36,Sam Young,Memphis Grizzlies,SF,43622,225,24,4,Pittsburgh
2009,2,37,DeJuan Blair,San Antonio Spurs,PF,43624,270,20,7,Pittsburgh
2009,2,38,Jon Brockman,Portland Trail Blazers,PF,43623,255,22,3,Washington
2009,2,39,Jonas Jerebko,Detroit Pistons,PF,43626,231,22,9,Pallacanestro Biella (Italy)
2009,2,40,Derrick Brown,Charlotte Hornets,PF,43623,225,21,3,Xavier
2009,2,41,Jodie Meeks,Milwaukee Bucks,SG,43620,210,21,9,Kentucky
2009,2,42,Patrick Beverley,Los Angeles Lakers,PG,43617,185,20,6,Dnipro Dnipropetrovsk (Ukraine)
2009,2,43,Marcus Thornton,Miami Heat,SG,43620,205,22,8,LSU
2009,2,44,Chase Budinger,Detroit Pistons,SF,43623,215,21,7,Arizona
2009,2,45,Nick Calathes,Minnesota Timberwolves,SG/SF,43622,213,20,2,Florida
2009,2,46,Danny Green,Cleveland Cavaliers,SG,43622,215,22,9,North Carolina
2009,2,47,Henk Norel,Minnesota Timberwolves,C,36708,230,21,0,Divina Seguros Joventut (Spain)
2009,2,48,Taylor Griffin,Phoenix Suns,F,43624,235,23,1,Oklahoma
2009,2,49,Sergii Gladyr,Atlanta Hawks,G,43621,190,20,0,MBC Mykolaiv (Ukraine)
2009,2,50,Goran Suton,Utah Jazz,C,43624,245,23,0,Michigan State
2009,2,51,Jack McClinton,San Antonio Spurs,G,43617,185,24,0,Miami (FL)
2009,2,52,A.J. Price,Indiana Pacers,PG,43618,195,22,6,Connecticut
2009,2,53,Nando De Colo,San Antonio Spurs,SG,43621,195,22,2,Cholet Basket (France)
2009,2,54,Robert Vaden,Charlotte Hornets,SG/PF,43621,220,24,1,UAB
2009,2,55,Patty Mills,Portland Trail Blazers,PG,36678,180,20,9,Saint Mary's
2009,2,56,Ahmad Nivins,Dallas Mavericks,F,43625,207,22,0,Saint Joseph's
2009,2,57,Emir Preldzic,Phoenix Suns,SF,43625,220,21,0,Fenerbahce Ulker (Turkey)
2009,2,58,Lester Hudson,Boston Celtics,PG/SG,43619,190,24,4,Tennessee-Martin
2009,2,59,Chinemelu Elonu,Los Angeles Lakers,C,43626,235,22,0,Texas A&M
2009,2,60,Robert Dozier,Miami Heat,SF/PF,43625,215,23,0,Memphis
2010,1,1,John Wall,Washington Wizards,PG,43620,210,19,8,Kentucky
2010,1,2,Evan Turner,Philadelphia Sixers,SF/SG,43623,220,21,8,Ohio State
2010,1,3,Derrick Favors,New Jersey Nets,PF/C,43626,265,18,8,Georgia Tech
2010,1,4,Wesley Johnson,Minnesota Timberwolves,SG/SF,43623,215,22,8,Syracuse
2010,1,5,DeMarcus Cousins,Sacramento Kings,C,43627,270,19,8,Kentucky
2010,1,6,Ekpe Udoh,Golden State Warriors,PF/C,43626,245,23,6,Baylor
2010,1,7,Greg Monroe,Detroit Pistons,C/PF,43627,265,20,8,Georgetown
2010,1,8,Al-Farouq Aminu,Los Angeles Clippers,SF,43625,220,19,8,Wake Forest
2010,1,9,Gordon Hayward,Utah Jazz,SF,43624,225,20,8,Butler
2010,1,10,Paul George,Indiana Pacers,SG/SF,43625,220,20,8,Fresno State
2010,1,11,Cole Aldrich,New Orleans Pelicans,C,43627,253,21,8,Kansas
2010,1,12,Xavier Henry,Memphis Grizzlies,SF/SG,43622,220,19,5,Kansas
2010,1,13,Ed Davis,Toronto Raptors,PF,43626,225,21,8,North Carolina
2010,1,14,Patrick Patterson,Houston Rockets,PF,43625,230,21,8,Kentucky
2010,1,15,Larry Sanders,Milwaukee Bucks,C/PF,43627,235,21,6,VCU
2010,1,16,Luke Babbitt,Minnesota Timberwolves,PF,43625,225,21,8,Nevada
2010,1,17,Kevin Seraphin,Chicago Bulls,C/PF,43626,278,20,7,Cholet Basket (France)
2010,1,18,Eric Bledsoe,Oklahoma City Thunder,PG,43617,205,20,8,Kentucky
2010,1,19,Avery Bradley,Boston Celtics,SG,43618,180,19,8,Texas
2010,1,20,James Anderson,San Antonio Spurs,SG,43622,210,21,5,Oklahoma State
2010,1,21,Craig Brackins,Oklahoma City Thunder,PF,43626,230,22,2,Iowa State
2010,1,22,Elliot Williams,Portland Trail Blazers,SG,43621,190,21,6,Memphis
2010,1,23,Trevor Booker,Minnesota Timberwolves,PF,43624,228,22,8,Clemson
2010,1,24,Damion James,Atlanta Hawks,SF,43623,225,22,4,Texas
2010,1,25,Dominique Jones,Memphis Grizzlies,SG,43620,215,21,3,South Florida
2010,1,26,Quincy Pondexter,Oklahoma City Thunder,SF,43623,230,22,8,Washington
2010,1,27,Jordan Crawford,New Jersey Nets,SG,43621,195,21,6,Xavier
2010,1,28,Greivis Vasquez,Memphis Grizzlies,PG,43622,217,23,7,Maryland
2010,1,29,Daniel Orton,Orlando Magic,C,43626,255,19,4,Kentucky
2010,1,30,Lazar Hayward,Washington Wizards,SF,43622,225,23,3,Marquette
2010,2,31,Tibor Pleiss,New Jersey Nets,C,43649,256,20,1,Brose Baskets Bamberg (Germany)
2010,2,32,Dexter Pittman,Miami Heat,C,43627,285,22,4,Texas
2010,2,33,Hassan Whiteside,Sacramento Kings,C,36708,265,21,6,Marshall
2010,2,34,Armon Johnson,Portland Trail Blazers,PG,43618,195,21,2,Nevada
2010,2,35,Nemanja Bjelica,Washington Wizards,PF,43626,234,22,3,KK Crvena Zvezda (Serbia)
2010,2,36,Terrico White,Detroit Pistons,SG,43621,215,20,1,Ole Miss
2010,2,37,Darington Hobson,Milwaukee Bucks,SG/SF,43623,210,22,2,New Mexico
2010,2,38,Andy Rautins,New York Knicks,SG,43620,190,23,1,Syracuse
2010,2,39,Landry Fields,New York Knicks,SF,43623,210,21,5,Stanford
2010,2,40,Lance Stephenson,Indiana Pacers,SG,43622,230,19,8,Cincinnati
2010,2,41,Jarvis Varnado,Miami Heat,PF,43625,230,22,2,Mississippi State
2010,2,42,Da'Sean Butler,Miami Heat,SF/SG,43623,230,22,1,West Virginia
2010,2,43,Devin Ebanks,Los Angeles Lakers,SF/PF,43625,215,20,3,West Virginia
2010,2,44,Jerome Jordan,Milwaukee Bucks,C,36708,253,23,2,Tulsa
2010,2,45,Paulao Prestes,Minnesota Timberwolves,C,43627,260,22,0,UCAM Murcia (Spain)
2010,2,46,Gani Lawal,Phoenix Suns,PF,43625,234,21,1,Georgia Tech
2010,2,47,Tiny Gallon,Milwaukee Bucks,C,43625,290,19,0,Oklahoma
2010,2,48,Latavious Williams,Miami Heat,F,43624,225,21,0,Tulsa 66ers
2010,2,49,Ryan Richards,San Antonio Spurs,FC,43627,265,19,0,Herbalife Gran Canaria (Spain)
2010,2,50,Solomon Alabi,Dallas Mavericks,C,43647,250,22,2,Florida State
2010,2,51,Magnum Rolle,Oklahoma City Thunder,F,43627,235,24,1,Louisiana Tech
2010,2,52,Luke Harangody,Boston Celtics,PF,43624,245,22,3,Notre Dame
2010,2,53,Pape Sy,Atlanta Hawks,SF,43623,224,22,1,STB Le Havre (France)
2010,2,54,Willie Warren,Los Angeles Clippers,PG/SG,43620,200,20,1,Oklahoma
2010,2,55,Jeremy Evans,Utah Jazz,PF,43625,200,22,7,Western Kentucky
2010,2,56,Hamady Ndiaye,Minnesota Timberwolves,C,36708,235,23,3,Rutgers
2010,2,57,Ryan Reid,Indiana Pacers,PF,43624,235,23,1,Florida State
2010,2,58,Derrick Caracter,Los Angeles Lakers,PF,43625,276,22,2,UTEP
2010,2,59,Stanley Robinson,Orlando Magic,F,43625,220,21,0,Connecticut
2010,2,60,Dwayne Collins,Phoenix Suns,F,43624,241,22,0,Miami (FL)
2011,1,1,Kyrie Irving,Cleveland Cavaliers,PG,43619,193,19,7,Duke
2011,1,2,Derrick Williams,Minnesota Timberwolves,PF/SF,43624,240,20,7,Arizona
2011,1,3,Enes Kanter,Utah Jazz,C,43627,245,19,7,Kentucky
2011,1,4,Tristan Thompson,Cleveland Cavaliers,PF,43626,238,20,7,Texas
2011,1,5,Jonas Valanciunas,Toronto Raptors,C,36708,265,19,6,Lietuvos Rytas (Lithuania)
2011,1,6,Jan Vesely,Washington Wizards,PF,43627,240,21,3,KK Partizan (Serbia)
2011,1,7,Bismack Biyombo,Sacramento Kings,PF/C,43625,255,18,7,Montakit Fuenlabrada (Spain)
2011,1,8,Brandon Knight,Detroit Pistons,PG/SG,43619,195,19,7,Kentucky
2011,1,9,Kemba Walker,Charlotte Hornets,PG/SG,43617,184,21,7,Connecticut
2011,1,10,Jimmer Fredette,Milwaukee Bucks,SG,43618,195,22,5,Brigham Young
2011,1,11,Klay Thompson,Golden State Warriors,SG,43623,215,21,7,Washington State
2011,1,12,Alec Burks,Utah Jazz,SG,43622,214,19,7,Colorado
2011,1,13,Markieff Morris,Phoenix Suns,PF,43626,245,21,7,Kansas
2011,1,14,Marcus Morris,Houston Rockets,SF/PF,43625,235,21,7,Kansas
2011,1,15,Kawhi Leonard,Indiana Pacers,SF,43623,230,19,7,San Diego State
2011,1,16,Nikola Vucevic,Philadelphia Sixers,C/PF,36708,260,20,7,USC
2011,1,17,Iman Shumpert,New York Knicks,SG,43621,220,20,7,Georgia Tech
2011,1,18,Chris Singleton,Washington Wizards,PF,43624,228,21,3,Florida State
2011,1,19,Tobias Harris,Charlotte Hornets,PF,43625,235,18,7,Tennessee
2011,1,20,Donatas Motiejunas,Minnesota Timberwolves,PF/C,36708,222,20,5,Universo De'Longhi Treviso (Italy)
2011,1,21,Nolan Smith,Portland Trail Blazers,PG,43618,190,22,2,Duke
2011,1,22,Kenneth Faried,Denver Nuggets,PF,43624,220,21,7,Morehead State
2011,1,23,Nikola Mirotic,Houston Rockets,F,43626,250,20,4,Real Madrid (Spain)
2011,1,24,Reggie Jackson,Oklahoma City Thunder,PG,43619,208,21,7,Boston College
2011,1,25,MarShon Brooks,Boston Celtics,SG,43621,200,22,4,Providence
2011,1,26,Jordan Hamilton,Dallas Mavericks,SF,43623,220,20,5,Texas
2011,1,27,JaJuan Johnson,New Jersey Nets,PF,43626,220,22,1,Purdue
2011,1,28,Norris Cole,Chicago Bulls,PG,43618,175,22,6,Cleveland State
2011,1,29,Cory Joseph,San Antonio Spurs,PG/SG,43619,193,19,7,Texas
2011,1,30,Jimmy Butler,Chicago Bulls,SF/SG,43624,236,21,7,Marquette
2011,2,31,Bojan Bogdanovic,Miami Heat,SF/PF,43624,216,22,4,KK Cibona (Croatia)
2011,2,32,Justin Harper,Cleveland Cavaliers,PF/SF,43626,225,21,3,Richmond
2011,2,33,Kyle Singler,Detroit Pistons,SF,43624,228,23,6,Duke
2011,2,34,Shelvin Mack,Washington Wizards,PG,43619,203,21,7,Butler
2011,2,35,Tyler Honeycutt,Sacramento Kings,SF,43624,190,20,2,UCLA
2011,2,36,Jordan Williams,New Jersey Nets,PF/C,43626,260,20,1,Maryland
2011,2,37,Trey Thompkins,Los Angeles Clippers,PF,43626,245,21,2,Georgia
2011,2,38,Chandler Parsons,Houston Rockets,SF,43626,230,22,7,Florida
2011,2,39,Jeremy Tyler,Charlotte Hornets,C,43626,250,20,3,Tokyo Apache (Japan)
2011,2,40,Jon Leuer,Milwaukee Bucks,PF,43626,228,22,7,Wisconsin
2011,2,41,Darius Morris,Los Angeles Lakers,SG,43620,195,20,4,Michigan
2011,2,42,Davis Bertans,Indiana Pacers,SF/PF,43626,225,18,2,Union Olimpija (Slovenia)
2011,2,43,Malcolm Lee,Chicago Bulls,SG,43621,200,21,3,UCLA
2011,2,44,Charles Jenkins,Golden State Warriors,PG,43619,215,22,2,Hofstra
2011,2,45,Josh Harrellson,New Orleans Pelicans,C,43626,275,22,3,Kentucky
2011,2,46,Andrew Goudelock,Los Angeles Lakers,SG,43619,200,22,3,Charleston
2011,2,47,Travis Leslie,Los Angeles Clippers,SG,43620,205,21,2,Georgia
2011,2,48,Keith Benson,Atlanta Hawks,C,43627,240,22,1,Oakland
2011,2,49,Josh Selby,Memphis Grizzlies,PG,43618,195,20,2,Kansas
2011,2,50,Lavoy Allen,Philadelphia Sixers,PF/C,43625,260,22,6,Temple
2011,2,51,Jon Diebler,Portland Trail Blazers,SG,43622,205,23,0,Ohio State
2011,2,52,Vernon Macklin,Detroit Pistons,F,43626,227,24,1,Florida
2011,2,53,DeAndre Liggins,Orlando Magic,SG/SF,43622,210,23,5,Kentucky
2011,2,54,Milan Macvan,Cleveland Cavaliers,PF,43625,265,21,0,KK Vrsac Swisslion (Serbia)
2011,2,55,E'Twaun Moore,Boston Celtics,SG,43620,191,22,7,Purdue
2011,2,56,Chu Maduabum,Los Angeles Lakers,PF,43625,210,20,0,Bakersfield Jam
2011,2,57,Tanguy Ngombo,Dallas Mavericks,GF,43622,230,21,0,Al-Rayyan Sports Club (Qatar)
2011,2,58,Ater Majok,Los Angeles Lakers,C,43627,233,23,0,Gold Coast (Australia)
2011,2,59,Adam Hanga,San Antonio Spurs,SF,43623,200,22,0,Alba Fehervar (Hungary)
2011,2,60,Isaiah Thomas,Sacramento Kings,PG,43594,185,22,7,Washington
2012,1,1,Anthony Davis,New Orleans Pelicans,PF/C,43626,253,19,6,Kentucky
2012,1,2,Michael Kidd-Gilchrist,Charlotte Hornets,SF,43623,232,18,6,Kentucky
2012,1,3,Bradley Beal,Washington Wizards,SG,43621,207,19,6,Florida
2012,1,4,Dion Waiters,Cleveland Cavaliers,SG,43620,215,20,6,Syracuse
2012,1,5,Thomas Robinson,Sacramento Kings,PF,43626,237,21,5,Kansas
2012,1,6,Damian Lillard,Portland Trail Blazers,PG,43619,195,21,6,Weber State
2012,1,7,Harrison Barnes,Golden State Warriors,SF,43624,225,20,6,North Carolina
2012,1,8,Terrence Ross,Toronto Raptors,SG/SF,43623,206,21,6,Washington
2012,1,9,Andre Drummond,Detroit Pistons,C/PF,43627,279,18,6,Connecticut
2012,1,10,Austin Rivers,New Orleans Pelicans,PG/SG,43620,200,19,6,Duke
2012,1,11,Meyers Leonard,Portland Trail Blazers,C,43647,255,20,6,Illinois
2012,1,12,Jeremy Lamb,Houston Rockets,SG/SF,43621,185,20,6,Connecticut
2012,1,13,Kendall Marshall,Phoenix Suns,PG,43620,195,20,4,North Carolina
2012,1,14,John Henson,Milwaukee Bucks,C/PF,43627,219,21,6,North Carolina
2012,1,15,Maurice Harkless,Philadelphia Sixers,SF,43625,220,19,6,St. John's
2012,1,16,Royce White,Houston Rockets,PF/SF,43624,268,21,2,Iowa State
2012,1,17,Tyler Zeller,Dallas Mavericks,C/PF,36708,259,22,6,North Carolina
2012,1,18,Terrence Jones,Houston Rockets,PF,43625,255,20,5,Kentucky
2012,1,19,Andrew Nicholson,Orlando Magic,PF,43625,250,22,5,St. Bonaventure
2012,1,20,Evan Fournier,Denver Nuggets,SG,43623,205,19,6,Poitiers Basket 86 (France)
2012,1,21,Jared Sullinger,Boston Celtics,PF,43625,260,20,5,Ohio State
2012,1,22,Fab Melo,Boston Celtics,C,36708,255,22,1,Syracuse
2012,1,23,John Jenkins,Atlanta Hawks,SG,43620,215,21,5,Vanderbilt
2012,1,24,Jared Cunningham,Cleveland Cavaliers,SG,43621,188,21,4,Oregon State
2012,1,25,Tony Wroten,Memphis Grizzlies,PG,43622,205,19,4,Washington
2012,1,26,Miles Plumlee,Indiana Pacers,C/PF,43627,249,23,6,Duke
2012,1,27,Arnett Moultrie,Miami Heat,PF,43627,250,21,2,Mississippi State
2012,1,28,Perry Jones,Oklahoma City Thunder,PF,43627,235,20,3,Baylor
2012,1,29,Marquis Teague,Chicago Bulls,PG,43618,180,19,3,Kentucky
2012,1,30,Festus Ezeli,Golden State Warriors,C,43627,265,22,5,Vanderbilt
2012,2,31,Jeffery Taylor,Charlotte Hornets,SF,43623,225,23,3,Vanderbilt
2012,2,32,Tomas Satoransky,Washington Wizards,PG,43623,210,20,2,Real Betis Energia Plus (Spain)
2012,2,33,Bernard James,Cleveland Cavaliers,C,43626,230,27,3,Florida State
2012,2,34,Jae Crowder,Cleveland Cavaliers,SF,43622,235,21,6,Marquette
2012,2,35,Draymond Green,Golden State Warriors,PF,43623,230,22,6,Michigan State
2012,2,36,Orlando Johnson,Sacramento Kings,SG,43621,220,23,3,UC Santa Barbara
2012,2,37,Quincy Acy,Toronto Raptors,PF,43623,240,21,6,Baylor
2012,2,38,Quincy Miller,Denver Nuggets,PF,43625,210,19,3,Baylor
2012,2,39,Khris Middleton,Detroit Pistons,SF,43624,222,20,6,Texas A&M
2012,2,40,Will Barton,Portland Trail Blazers,SG,43622,190,21,6,Memphis
2012,2,41,Tyshawn Taylor,Portland Trail Blazers,PG,43619,185,22,2,Kansas
2012,2,42,Doron Lamb,Milwaukee Bucks,SG,43620,210,20,2,Kentucky
2012,2,43,Mike Scott,Atlanta Hawks,PF,43624,237,23,6,Virginia
2012,2,44,Kim English,Detroit Pistons,SG,43622,200,23,1,Missouri
2012,2,45,Justin Hamilton,Philadelphia Sixers,C,36708,255,22,3,LSU
2012,2,46,Darius Miller,New Orleans Pelicans,SF,43624,225,22,4,Kentucky
2012,2,47,Kevin Murphy,Utah Jazz,SG,43621,185,22,1,Tennessee Tech
2012,2,48,Kostas Papanikolaou,New York Knicks,PF,43624,225,21,2,Olympiacos (Greece)
2012,2,49,Kyle O'Quinn,Orlando Magic,PF/C,43626,250,22,6,Norfolk State
2012,2,50,Izzet Turkyilmaz,Denver Nuggets,C,36708,211,22,0,Banvit Basketbol Kulubu (Turkey)
2012,2,51,Kris Joseph,Boston Celtics,SF/SG,43623,210,23,1,Syracuse
2012,2,52,Ognen Kuzmic,Golden State Warriors,C,43647,251,22,2,Unicaja Malaga (Spain)
2012,2,53,Furkan Aldemir,Los Angeles Clippers,PF,43626,240,20,1,Galatasaray (Turkey)
2012,2,54,Tornike Shengelia,Philadelphia Sixers,SF,43625,220,20,2,Proximus Spirou Charleroi (Belgium)
2012,2,55,Darius Johnson-Odom,Dallas Mavericks,SG,43618,220,22,2,Marquette
2012,2,56,Tomislav Zubcic,Toronto Raptors,C,43626,230,22,0,KK Cibona (Croatia)
2012,2,57,Ilkan Karaman,Brooklyn Nets,F,43624,254,22,0,Pinar Karsiyaka (Turkey)
2012,2,58,Robbie Hummel,Minnesota Timberwolves,SF,43624,220,23,2,Purdue
2012,2,59,Marcus Denmon,San Antonio Spurs,G,43619,185,22,0,Missouri
2012,2,60,Robert Sacre,Los Angeles Lakers,C,36708,270,23,4,Gonzaga
2013,1,1,Anthony Bennett,Cleveland Cavaliers,PF,43624,235,20,4,UNLV
2013,1,2,Victor Oladipo,Orlando Magic,SG/PG,43620,210,21,5,Indiana
2013,1,3,Otto Porter,Washington Wizards,SF,43624,198,20,5,Georgetown
2013,1,4,Cody Zeller,Charlotte Hornets,C/PF,36708,240,20,5,Indiana
2013,1,5,Alex Len,Phoenix Suns,C,43647,250,20,5,Maryland
2013,1,6,Nerlens Noel,New Orleans Pelicans,C,43627,220,19,5,Kentucky
2013,1,7,Ben McLemore,Sacramento Kings,SG,43621,195,20,5,Kansas
2013,1,8,Kentavious Caldwell-Pope,Detroit Pistons,SG,43621,205,20,5,Georgia
2013,1,9,Trey Burke,Minnesota Timberwolves,PG,43617,191,20,5,Michigan
2013,1,10,C.J. McCollum,Portland Trail Blazers,SG/PG,43619,190,21,5,Lehigh
2013,1,11,Michael Carter-Williams,Philadelphia Sixers,PG/SG,43622,190,21,5,Syracuse
2013,1,12,Steven Adams,Oklahoma City Thunder,C,36708,265,19,5,Pittsburgh
2013,1,13,Kelly Olynyk,Dallas Mavericks,C/PF,36708,240,22,5,Gonzaga
2013,1,14,Shabazz Muhammad,Utah Jazz,SF,43621,225,20,5,UCLA
2013,1,15,Giannis Antetokounmpo,Milwaukee Bucks,SG/SF,43627,242,18,5,Filathlitikos Div II Greece (Greece)
2013,1,16,Lucas Nogueira,Boston Celtics,C,36708,241,20,4,Movistar Estudiantes (Spain)
2013,1,17,Dennis Schroder,Atlanta Hawks,PG,43617,172,19,5,Basketball Lowen Braunschweig (Germany)
2013,1,18,Shane Larkin,Atlanta Hawks,PG,43596,175,20,4,Miami (FL)
2013,1,19,Sergey Karasev,Cleveland Cavaliers,SF,43623,213,19,3,Zenit Saint Petersburg (Russia)
2013,1,20,Tony Snell,Chicago Bulls,SG,43623,213,21,5,New Mexico
2013,1,21,Gorgui Dieng,Utah Jazz,C,43627,240,23,5,Louisville
2013,1,22,Mason Plumlee,Brooklyn Nets,PF,43627,255,23,5,Duke
2013,1,23,Solomon Hill,Indiana Pacers,SF,43623,225,22,5,Arizona
2013,1,24,Tim Hardaway Jr.,New York Knicks,SG,43622,205,21,5,Michigan
2013,1,25,Reggie Bullock,Los Angeles Clippers,SF/SG,43623,205,22,5,North Carolina
2013,1,26,Andre Roberson,Minnesota Timberwolves,SG,43623,210,21,5,Colorado
2013,1,27,Rudy Gobert,Denver Nuggets,C,43647,245,21,5,Cholet Basket (France)
2013,1,28,Livio Jean-Charles,San Antonio Spurs,SF,43625,230,19,0,ASVEL Lyon-Villeurbanne (France)
2013,1,29,Archie Goodwin,Oklahoma City Thunder,SG,43621,205,18,4,Kentucky
2013,1,30,Nemanja Nedovic,Phoenix Suns,PG,43619,192,22,2,Lietuvos Rytas (Lithuania)
2013,2,31,Allen Crabbe,Cleveland Cavaliers,SG,43622,212,21,5,California
2013,2,32,Alex Abrines,Oklahoma City Thunder,GF,43622,190,19,2,FC Barcelona Lassa (Spain)
2013,2,33,Carrick Felix,Cleveland Cavaliers,SF,43622,200,22,2,Arizona State
2013,2,34,Isaiah Canaan,Houston Rockets,PG,36678,200,22,5,Murray State
2013,2,35,Glen Rice,Philadelphia Sixers,SG/SF,43622,206,22,2,Rio Grande Valley Vipers
2013,2,36,Ray McCallum,Sacramento Kings,PG,43619,191,22,4,Detroit-Mercy
2013,2,37,Tony Mitchell,Detroit Pistons,PF,43625,240,21,2,North Texas
2013,2,38,Nate Wolters,Washington Wizards,SG,43620,190,22,3,South Dakota State
2013,2,39,Jeff Withey,Portland Trail Blazers,C,36708,230,23,5,Kansas
2013,2,40,Grant Jerrett,Portland Trail Blazers,PF,43626,232,19,2,Arizona
2013,2,41,Jamaal Franklin,Memphis Grizzlies,SG,43621,191,21,2,San Diego State
2013,2,42,Pierre Jackson,Philadelphia Sixers,PG,43595,180,21,1,Baylor
2013,2,43,Ricky Ledo,Milwaukee Bucks,SG,43623,197,20,2,Providence
2013,2,44,Mike Muscala,Dallas Mavericks,PF/C,43627,240,21,5,Bucknell
2013,2,45,Marko Todorovic,Portland Trail Blazers,C,43626,240,21,0,FC Barcelona II (Spain)
2013,2,46,Erick Green,Utah Jazz,G,43619,178,22,2,Virginia Tech
2013,2,47,Raulzinho Neto,Atlanta Hawks,PG,43617,179,21,3,Delteco GBC (Spain)
2013,2,48,Ryan Kelly,Los Angeles Lakers,PF,43627,230,22,4,Duke
2013,2,49,Erik Murphy,Chicago Bulls,PF,43626,240,22,1,Florida
2013,2,50,James Ennis,Atlanta Hawks,GF,43623,210,22,4,Long Beach State
2013,2,51,Romero Osby,Orlando Magic,SF,43624,240,23,0,Oklahoma
2013,2,52,Lorenzo Brown,Minnesota Timberwolves,SG,43621,189,22,4,NC State
2013,2,53,Colton Iverson,Indiana Pacers,FC,36708,255,23,0,Colorado State
2013,2,54,Arsalan Kazemi,Washington Wizards,F,43623,226,23,0,Oregon
2013,2,55,Joffrey Lauvergne,Memphis Grizzlies,PF,43627,260,21,4,KK Partizan (Serbia)
2013,2,56,Peyton Siva,Detroit Pistons,PG,36678,185,22,1,Louisville
2013,2,57,Alex Oriakhi,Phoenix Suns,PF,43625,255,23,0,Missouri
2013,2,58,Deshaun Thomas,San Antonio Spurs,F,43623,220,21,0,Ohio State
2013,2,59,Bojan Dubljevic,Minnesota Timberwolves,FC,43625,242,21,0,Valencia Basket (Spain)
2013,2,60,Janis Timma,Memphis Grizzlies,SF,43623,226,20,0,BK Ventspils (Latvia)
2014,1,1,Andrew Wiggins,Cleveland Cavaliers,F,43624,199,19,4,Kansas
2014,1,2,Jabari Parker,Milwaukee Bucks,PF/SF,43624,245,19,4,Duke
2014,1,3,Joel Embiid,Philadelphia Sixers,C,36708,260,20,4,Kansas
2014,1,4,Aaron Gordon,Orlando Magic,SF,43625,220,18,4,Arizona
2014,1,5,Dante Exum,Utah Jazz,PG,43622,190,18,4,Australian Institute of Sport (Australian Capital Territory)
2014,1,6,Marcus Smart,Boston Celtics,PG,43620,220,20,4,Oklahoma State
2014,1,7,Julius Randle,Los Angeles Lakers,PF,43625,250,19,4,Kentucky
2014,1,8,Nik Stauskas,Sacramento Kings,SG,43622,205,20,4,Michigan
2014,1,9,Noah Vonleh,Charlotte Hornets,FC,43625,245,18,4,Indiana
2014,1,10,Elfrid Payton,Philadelphia Sixers,G,43620,185,20,4,Louisiana
2014,1,11,Doug McDermott,Denver Nuggets,F,43624,219,22,4,Creighton
2014,1,12,Dario Saric,Orlando Magic,SF,43626,250,20,2,KK Cibona (Croatia)
2014,1,13,Zach LaVine,Minnesota Timberwolves,SG,43621,200,19,4,UCLA
2014,1,14,T.J. Warren,Phoenix Suns,F,43624,225,20,4,NC State
2014,1,15,Adreian Payne,Atlanta Hawks,C,43626,237,23,4,Michigan State
2014,1,16,Jusuf Nurkic,Chicago Bulls,FC,36708,275,19,4,Cedevita (Croatia)
2014,1,17,James Young,Boston Celtics,SG,43622,215,18,4,Kentucky
2014,1,18,Tyler Ennis,Phoenix Suns,PG,43619,194,19,4,Syracuse
2014,1,19,Gary Harris,Chicago Bulls,SG,43620,210,19,4,Michigan State
2014,1,20,Bruno Caboclo,Toronto Raptors,PF,43625,205,18,4,Pinheiros/Sky (Brazil)
2014,1,21,Mitch McGary,Oklahoma City Thunder,C,43626,255,22,2,Michigan
2014,1,22,Jordan Adams,Memphis Grizzlies,SG,43621,209,19,2,UCLA
2014,1,23,Rodney Hood,Utah Jazz,F,43624,206,21,4,Duke
2014,1,24,Shabazz Napier,Charlotte Hornets,PG,43617,180,22,4,Connecticut
2014,1,25,Clint Capela,Houston Rockets,PF,43626,240,20,4,Chalon-Sur-Saone (France)
2014,1,26,P.J. Hairston,Miami Heat,SG,43622,230,21,2,Texas Legends
2014,1,27,Bogdan Bogdanovic,Phoenix Suns,SG,43622,205,21,1,KK Partizan (Serbia)
2014,1,28,C.J. Wilcox,Los Angeles Clippers,SG,43621,195,23,3,Washington
2014,1,29,Josh Huestis,Oklahoma City Thunder,SF,43623,230,22,3,Stanford
2014,1,30,Kyle Anderson,San Antonio Spurs,PF,43625,230,20,4,UCLA
2014,2,31,Damien Inglis,Milwaukee Bucks,PF,43624,246,19,2,Chorale Roanne Basket (France)
2014,2,32,K.J. McDaniels,Philadelphia Sixers,GF,43622,205,21,4,Clemson
2014,2,33,Joe Harris,Cleveland Cavaliers,SG,43622,218,22,4,Virginia
2014,2,34,Cleanthony Early,New York Knicks,F,43624,210,23,2,Wichita State
2014,2,35,Jarnell Stokes,Utah Jazz,FC,43625,260,20,3,Tennessee
2014,2,36,Johnny O'Bryant,Milwaukee Bucks,FC,43625,257,21,4,LSU
2014,2,37,DeAndre Daniels,Toronto Raptors,SF,43625,196,22,0,Connecticut
2014,2,38,Spencer Dinwiddie,Detroit Pistons,PG,43622,210,21,4,Colorado
2014,2,39,Jerami Grant,Philadelphia Sixers,F,43625,220,20,4,Syracuse
2014,2,40,Glenn Robinson,Minnesota Timberwolves,SF,43622,222,20,4,Michigan
2014,2,41,Nikola Jokic,Denver Nuggets,C,36708,250,19,3,KK Mega Bemax (Serbia)
2014,2,42,Nick Johnson,Houston Rockets,SG,43619,200,21,1,Arizona
2014,2,43,Edy Tavares,Atlanta Hawks,C,43649,265,22,2,Herbalife Gran Canaria (Spain)
2014,2,44,Markel Brown,Minnesota Timberwolves,SG,43619,185,22,3,Oklahoma State
2014,2,45,Dwight Powell,Charlotte Hornets,PF,43627,240,22,4,Stanford
2014,2,46,Jordan Clarkson,Washington Wizards,G,43621,194,22,4,Missouri
2014,2,47,Russ Smith,Philadelphia Sixers,G,36678,165,23,2,Louisville
2014,2,48,Lamar Patterson,Milwaukee Bucks,GF,43621,225,22,2,Pittsburgh
2014,2,49,Cameron Bairstow,Chicago Bulls,F,43625,250,23,2,New Mexico
2014,2,50,Alec Brown,Phoenix Suns,C,43647,235,21,0,Green Bay
2014,2,51,Thanasis Antetokounmpo,New York Knicks,SF,43623,215,21,1,Delaware 87ers
2014,2,52,Vasilje Micic,Philadelphia Sixers,PG,43621,200,20,0,KK Mega Bemax (Serbia)
2014,2,53,Alessandro Gentile,Minnesota Timberwolves,SF,43622,228,21,0,EA7 Emporio Armani Milano (Italy)
2014,2,54,Nemanja Dangubic,Philadelphia Sixers,SF,43625,176,21,0,KK Mega Bemax (Serbia)
2014,2,55,Semaj Christon,Miami Heat,PG,43619,190,21,1,Xavier
2014,2,56,Devyn Marble,Denver Nuggets,GF,43622,200,21,2,Iowa
2014,2,57,Louis Labeyrie,Indiana Pacers,PF,43626,200,22,0,Paris-Levallois Basket (France)
2014,2,58,Jordan McRae,San Antonio Spurs,G,43621,179,23,2,Tennessee
2014,2,59,Xavier Thames,Toronto Raptors,G,43619,187,23,0,San Diego State
2014,2,60,Cory Jefferson,San Antonio Spurs,PF,43625,215,23,2,Baylor
2015,1,1,Karl-Anthony Towns,Minnesota Timberwolves,C,36708,244,19,3,Kentucky
2015,1,2,D'Angelo Russell,Los Angeles Lakers,SG,43621,198,19,3,Ohio State
2015,1,3,Jahlil Okafor,Philadelphia Sixers,C,43627,275,19,3,Duke
2015,1,4,Kristaps Porzingis,New York Knicks,FC,43649,240,19,3,Real Betis Energia Plus (Spain)
2015,1,5,Mario Hezonja,Orlando Magic,SG,43624,218,20,3,FC Barcelona II (Spain)
2015,1,6,Willie Cauley-Stein,Sacramento Kings,PF,36708,240,21,3,Kentucky
2015,1,7,Emmanuel Mudiay,Denver Nuggets,SG,43621,200,19,3,Guangzhou Long-Lions (China)
2015,1,8,Stanley Johnson,Detroit Pistons,G,43623,245,19,3,Arizona
2015,1,9,Frank Kaminsky,Charlotte Hornets,F,36708,242,22,3,Wisconsin
2015,1,10,Justise Winslow,Miami Heat,SF,43623,225,19,3,Duke
2015,1,11,Myles Turner,Indiana Pacers,FC,43627,250,19,3,Texas
2015,1,12,Trey Lyles,Utah Jazz,SF,43626,234,19,3,Kentucky
2015,1,13,Devin Booker,Phoenix Suns,SG,43622,206,18,3,Kentucky
2015,1,14,Cameron Payne,Oklahoma City Thunder,G,43619,190,20,3,Murray State
2015,1,15,"Kelly Oubre, Jr.",Atlanta Hawks,SF,43623,205,19,3,Kansas
2015,1,16,Terry Rozier,Boston Celtics,G,43617,190,21,3,Louisville
2015,1,17,Rashad Vaughn,Milwaukee Bucks,SF,43622,210,18,3,UNLV
2015,1,18,Sam Dekker,Houston Rockets,SF,43625,230,21,3,Wisconsin
2015,1,19,Jerian Grant,Washington Wizards,SG,43620,198,22,3,Notre Dame
2015,1,20,Delon Wright,Toronto Raptors,G,43621,183,23,3,Utah
2015,1,21,Justin Anderson,Dallas Mavericks,F,43622,230,21,3,Virginia
2015,1,22,Bobby Portis,Chicago Bulls,PF,43627,250,20,3,Arkansas
2015,1,23,Rondae Hollis-Jefferson,Portland Trail Blazers,SF,43623,217,20,3,Arizona
2015,1,24,Tyus Jones,Cleveland Cavaliers,PG,43618,195,19,3,Duke
2015,1,25,Jarell Martin,Memphis Grizzlies,F,43626,239,21,3,LSU
2015,1,26,Nikola Milutinov,San Antonio Spurs,C,36708,220,20,0,KK Partizan (Serbia)
2015,1,27,"Larry Nance, Jr.",Los Angeles Lakers,SF,43625,230,22,3,Wyoming
2015,1,28,R.J. Hunter,Boston Celtics,G,43622,190,21,3,Georgia State
2015,1,29,Chris McCullough,Brooklyn Nets,PF,43627,200,20,3,Syracuse
2015,1,30,Kevon Looney,Golden State Warriors,PF,43625,220,19,3,UCLA
2015,2,31,Cedi Osman,Minnesota Timberwolves,GF,43624,215,20,1,Anadolu Efes (Turkey)
2015,2,32,Montrezl Harrell,Houston Rockets,F,43624,240,21,3,Louisville
2015,2,33,Jordan Mickey,Boston Celtics,PF,43624,235,20,3,LSU
2015,2,34,Anthony Brown,Los Angeles Lakers,GF,43623,225,22,3,Stanford
2015,2,35,Willy Hernangomez,Philadelphia Sixers,C,43627,240,21,2,Cajasol Seville Junior Team (Spain)
2015,2,36,Rakeem Christmas,Minnesota Timberwolves,PF,43625,255,23,2,Syracuse
2015,2,37,Richaun Holmes,Philadelphia Sixers,F,43626,235,21,3,Bowling Green
2015,2,38,Darrun Hilliard,Detroit Pistons,SG,43622,220,22,3,Villanova
2015,2,39,Juan Vaulet,Charlotte Hornets,F,43622,200,19,0,Weber Bahia Estudiantes (Argentina)
2015,2,40,Josh Richardson,Miami Heat,G,43622,200,21,3,Tennessee
2015,2,41,Pat Connaughton,Brooklyn Nets,SF,43620,209,22,3,Notre Dame
2015,2,42,Olivier Hanlan,Utah Jazz,G,43620,190,22,0,Boston College
2015,2,43,Joe Young,Indiana Pacers,G,43618,185,22,3,Oregon
2015,2,44,Andrew Harrison,Phoenix Suns,G,43622,213,20,2,Kentucky
2015,2,45,Marcus Thornton,Boston Celtics,G,43620,190,22,1,William & Mary
2015,2,46,Norman Powell,Milwaukee Bucks,SG,43620,215,22,3,UCLA
2015,2,47,Arturas Gudaitis,Philadelphia Sixers,C,43626,254,22,0,Zalgiris (Lithuania)
2015,2,48,Dakari Johnson,Oklahoma City Thunder,C,36708,255,19,1,Kentucky
2015,2,49,Aaron White,Washington Wizards,F,43625,220,22,0,Iowa
2015,2,50,Marcus Eriksson,Atlanta Hawks,GF,43623,178,21,0,ICL Manresa (Spain)
2015,2,51,Tyler Harvey,Orlando Magic,G,43620,185,21,0,Eastern Washington
2015,2,52,Satnam Singh,Dallas Mavericks,C,43648,290,19,0,
2015,2,53,Dom Pointer,Cleveland Cavaliers,SF,43622,192,23,0,St. John's
2015,2,54,Daniel Diez,Utah Jazz,SF,43624,216,22,0,Delteco GBC (Spain)
2015,2,55,Cady Lalanne,San Antonio Spurs,FC,43625,242,23,0,Massachusetts
2015,2,56,Branden Dawson,New Orleans Pelicans,F,43622,230,22,1,Michigan State
2015,2,57,Nikola Radicevic,Denver Nuggets,PG,43621,200,21,0,Real Betis Energia Plus (Spain)
2015,2,58,J.P. Tokoto,Philadelphia Sixers,GF,43622,200,21,0,North Carolina
2015,2,59,Dimitrios Agravanis,Atlanta Hawks,F,43626,210,20,0,Olympiacos (Greece)
2015,2,60,Luka Mitrovic,Philadelphia Sixers,PF,43624,200,22,0,KK Crvena Zvezda (Serbia)
2016,1,1,Ben Simmons,Philadelphia Sixers,PF,43626,230,19,2,LSU
2016,1,2,Brandon Ingram,Los Angeles Lakers,SF,43625,190,18,2,Duke
2016,1,3,Jaylen Brown,Boston Celtics,SF,43623,220,19,2,California
2016,1,4,Dragan Bender,Phoenix Suns,PF,43647,235,18,2,Maccabi FOX Tel Aviv (Israel)
2016,1,5,Kris Dunn,Minnesota Timberwolves,SG,43620,205,22,2,Providence
2016,1,6,Buddy Hield,New Orleans Pelicans,G,43620,214,23,2,Oklahoma
2016,1,7,Jamal Murray,Denver Nuggets,SG,43620,207,19,2,Kentucky
2016,1,8,Marquese Chriss,Sacramento Kings,PF,43626,230,18,2,Washington
2016,1,9,Jakob Poeltl,Toronto Raptors,C,36708,230,20,2,Utah
2016,1,10,Thon Maker,Milwaukee Bucks,C,43647,221,19,2,
2016,1,11,Domantas Sabonis,Orlando Magic,PF,43627,240,20,2,Gonzaga
2016,1,12,Taurean Prince,Utah Jazz,SF/PF,43624,220,22,2,Baylor
2016,1,13,George Papagiannis,Phoenix Suns,C,43648,275,18,2,Panathinaikos (Greece)
2016,1,14,Denzel Valentine,Chicago Bulls,F,43622,210,22,2,Michigan State
2016,1,15,Juancho Hernangomez,Denver Nuggets,SF/PF,43625,230,20,2,Movistar Estudiantes (Spain)
2016,1,16,Guerschon Yabusele,Boston Celtics,PF,43624,260,20,1,Rouen Métropole Basket (France)
2016,1,17,Wade Baldwin IV,Memphis Grizzlies,G,43620,220,20,2,Vanderbilt
2016,1,18,Henry Ellenson,Detroit Pistons,PF,43627,245,19,2,Marquette
2016,1,19,Malik Beasley,Denver Nuggets,SG,43621,195,19,2,Florida State
2016,1,20,Caris LeVert,Indiana Pacers,G,43623,204,21,2,Michigan
2016,1,21,DeAndre' Bembry,Atlanta Hawks,GF,43622,210,21,2,Saint Joseph's
2016,1,22,Malachi Richardson,Charlotte Hornets,SF,43622,205,20,2,Syracuse
2016,1,23,Ante Zizic,Boston Celtics,C,43627,254,19,1,KK Cibona (Croatia)
2016,1,24,Timothe Luwawu-Cabarrot,Philadelphia Sixers,F,43622,210,21,2,KK Mega Bemax (Serbia)
2016,1,25,Brice Johnson,Los Angeles Clippers,PF,43626,230,21,2,North Carolina
2016,1,26,Furkan Korkmaz,Philadelphia Sixers,SG,43623,185,18,1,Anadolu Efes (Turkey)
2016,1,27,Pascal Siakam,Toronto Raptors,F,43625,230,22,2,New Mexico State
2016,1,28,Skal Labissiere,Phoenix Suns,C,43627,225,20,2,Kentucky
2016,1,29,Dejounte Murray,San Antonio Spurs,PG/SG,43621,170,19,2,Washington
2016,1,30,Damian Jones,Golden State Warriors,PF,36708,245,20,2,Vanderbilt
2016,2,31,Deyonta Davis,Boston Celtics,PF,43627,237,19,2,Michigan State
2016,2,32,Ivica Zubac,Los Angeles Lakers,C,43647,240,19,2,KK Mega Bemax (Serbia)
2016,2,33,Cheick Diallo,Los Angeles Clippers,PF,43625,220,19,2,Kansas
2016,2,34,Tyler Ulis,Phoenix Suns,PG,43595,160,20,2,Kentucky
2016,2,35,Rade Zagorac,Boston Celtics,SF,43625,205,20,0,KK Mega Bemax (Serbia)
2016,2,36,Malcolm Brogdon,Milwaukee Bucks,SG,43621,224,23,2,Virginia
2016,2,37,Chinanu Onuaku,Houston Rockets,C,43625,250,19,2,Louisville
2016,2,38,Patrick McCaw,Milwaukee Bucks,G,43623,185,20,2,UNLV
2016,2,39,David Michineau,New Orleans Pelicans,PG,43619,180,22,0,Chalon-Sur-Saone (France)
2016,2,40,Diamond Stone,New Orleans Pelicans,C,43627,255,19,1,Maryland
2016,2,41,Stephen Zimmerman,Orlando Magic,C,43627,240,19,1,UNLV
2016,2,42,Isaiah Whitehead,Utah Jazz,PG/SG,43620,213,21,2,Seton Hall
2016,2,43,Zhou Qi,Houston Rockets,C,43647,210,20,1,Xinjiang Guanghui (China)
2016,2,44,Isaia Cordinier,Atlanta Hawks,G,43620,180,19,0,Denain ASC Voltaire (France)
2016,2,45,Demetrius Jackson,Boston Celtics,G,43617,200,21,2,Notre Dame
2016,2,46,A.J. Hammons,Dallas Mavericks,C,36708,250,23,2,Purdue
2016,2,47,Jake Layman,Orlando Magic,SF,43625,215,22,2,Maryland
2016,2,48,Paul Zipser,Chicago Bulls,SF/PF,43624,226,22,2,FC Bayern Munich Junior Team (Germany)
2016,2,49,Michael Gbinije,Detroit Pistons,SF,43622,200,24,1,Syracuse
2016,2,50,Georges Niang,Indiana Pacers,F,43624,230,23,2,Iowa State
2016,2,51,Ben Bentil,Boston Celtics,F,43625,235,21,1,Providence
2016,2,52,Joel Bolomboy,Utah Jazz,FC,43625,235,22,2,Weber State
2016,2,53,Petr Cornelie,Denver Nuggets,C,43627,220,20,0,Le Mans Sarthe Basket (France)
2016,2,54,Kay Felder,Atlanta Hawks,PG,43594,176,21,2,Oakland
2016,2,55,Marcus Paige,Brooklyn Nets,G,36678,164,22,1,North Carolina
2016,2,56,Daniel Hamilton,Denver Nuggets,SG,43623,195,20,1,Connecticut
2016,2,57,Zhelin Wang,Memphis Grizzlies,C,36708,251,22,0,Fujian (China)
2016,2,58,Abdel Nader,Boston Celtics,SF,43622,225,22,1,Iowa State
2016,2,59,Isaiah Cousins,Sacramento Kings,G,43620,191,22,0,Oklahoma
2016,2,60,Tyrone Wallace,Utah Jazz,G,43621,195,22,1,California
2017,1,1,Markelle Fultz,Philadelphia Sixers,PG,43620,200,19,1,Washington
2017,1,2,Lonzo Ball,Los Angeles Lakers,PG,43622,190,19,1,UCLA
2017,1,3,Jayson Tatum,Boston Celtics,SF,43624,208,19,1,Duke
2017,1,4,Josh Jackson,Phoenix Suns,SF,43624,200,20,1,Kansas
2017,1,5,De'Aaron Fox,Sacramento Kings,PG,43619,175,19,1,Kentucky
2017,1,6,Jonathan Isaac,Orlando Magic,SF,43626,210,19,1,Florida State
2017,1,7,Lauri Markkanen,Minnesota Timberwolves,SF,36708,240,20,1,Arizona
2017,1,8,Frank Ntilikina,New York Knicks,PG,43621,190,18,1,Strasbourg IG (France)
2017,1,9,Dennis Smith,Dallas Mavericks,PG,43619,195,19,1,NC State
2017,1,10,Zach Collins,Sacramento Kings,C,36708,235,19,1,Gonzaga
2017,1,11,Malik Monk,Charlotte Hornets,SG,43619,200,19,1,Kentucky
2017,1,12,Luke Kennard,Detroit Pistons,SG,43621,206,20,1,Duke
2017,1,13,Donovan Mitchell,Denver Nuggets,SG,43619,215,20,1,Louisville
2017,1,14,Bam Adebayo,Miami Heat,C,43626,255,19,1,Kentucky
2017,1,15,Justin Jackson,Portland Trail Blazers,F,43624,210,22,1,North Carolina
2017,1,16,Justin Patton,Chicago Bulls,C,36708,230,20,1,Creighton
2017,1,17,D.J. Wilson,Milwaukee Bucks,F,43626,231,21,1,Michigan
2017,1,18,T.J. Leaf,Indiana Pacers,PF,43626,225,20,1,UCLA
2017,1,19,John Collins,Atlanta Hawks,PF,43626,235,19,1,Wake Forest
2017,1,20,Harry Giles,Portland Trail Blazers,PF,43626,240,19,1,Duke
2017,1,21,Terrance Ferguson,Oklahoma City Thunder,SG,43623,190,19,1,Adelaide (Australia)
2017,1,22,Jarrett Allen,Brooklyn Nets,C,43627,237,19,1,Texas
2017,1,23,Ogugua Anunoby,Toronto Raptors,SF,43624,232,19,1,Indiana
2017,1,24,Tyler Lydon,Utah Jazz,PF,43626,225,21,1,Syracuse
2017,1,25,Anzejs Pasecniks,Orlando Magic,C,43648,229,21,0,Herbalife Gran Canaria (Spain)
2017,1,26,Caleb Swanigan,Portland Trail Blazers,C,43625,250,20,1,Purdue
2017,1,27,Kyle Kuzma,Brooklyn Nets,F,43625,220,21,1,Utah
2017,1,28,Tony Bradley,Los Angeles Lakers,C,43627,248,19,1,North Carolina
2017,1,29,Derrick White,San Antonio Spurs,G,43620,190,22,1,Colorado
2017,1,30,Josh Hart,Utah Jazz,SG,43621,215,22,1,Villanova
2017,2,31,Frank Jackson,Charlotte Hornets,SG,43619,205,19,1,Duke
2017,2,32,Davon Reed,Phoenix Suns,SF,43622,210,22,1,Miami (FL)
2017,2,33,Wesley Iwundu,Orlando Magic,F,43623,195,22,1,Kansas State
2017,2,34,Frank Mason,Sacramento Kings,G,43596,190,23,1,Kansas
2017,2,35,Ivan Rabb,Orlando Magic,PF,43626,220,20,1,California
2017,2,36,Jonah Bolden,Philadelphia Sixers,SF,43626,220,21,0,FMP Beograd (Serbia)
2017,2,37,Semi Ojeleye,Boston Celtics,SF,43623,241,22,1,Southern Methodist
2017,2,38,Jordan Bell,Chicago Bulls,PF,43625,224,22,1,Oregon
2017,2,39,Jawun Evans,Philadelphia Sixers,PG,36678,190,20,1,Oklahoma State
2017,2,40,Dwayne Bacon,New Orleans Pelicans,SF,43623,221,21,1,Florida State
2017,2,41,Tyler Dorsey,Atlanta Hawks,SG,43621,183,21,1,Oregon
2017,2,42,Thomas Bryant,Utah Jazz,C,43627,248,19,1,Indiana
2017,2,43,Isaiah Hartenstein,Houston Rockets,PF,36708,249,19,0,Zalgiris (Lithuania)
2017,2,44,Damyean Dotson,New York Knicks,SG,43622,205,23,1,Houston
2017,2,45,Dillon Brooks,Houston Rockets,F,43622,220,21,1,Oregon
2017,2,46,Sterling Brown,Philadelphia Sixers,G,43622,228,22,1,Southern Methodist
2017,2,47,Ike Anigbogu,Indiana Pacers,C,43626,250,18,1,UCLA
2017,2,48,Sindarius Thornwell,Milwaukee Bucks,SG,43621,215,22,1,South Carolina
2017,2,49,Vlatko Cancar,Denver Nuggets,SF,43624,210,20,0,KK Mega Bemax (Serbia)
2017,2,50,Mathias Lessort,Philadelphia Sixers,F,43625,250,21,0,JSF Nanterre (France)
2017,2,51,Monte Morris,Denver Nuggets,G,43619,175,21,1,Iowa State
2017,2,52,Edmond Sumner,New Orleans Pelicans,G,43622,176,21,1,Xavier
2017,2,53,Kadeem Allen,Boston Celtics,G,43619,200,24,1,Arizona
2017,2,54,Alec Peters,Phoenix Suns,F,43625,225,22,1,Valparaiso
2017,2,55,Nigel Williams-Goss,Utah Jazz,SG,43619,190,22,0,Gonzaga
2017,2,56,Jabari Bird,Boston Celtics,SG,43622,198,22,1,California
2017,2,57,Aleksandar Vezenkov,Brooklyn Nets,PF,43625,225,21,0,FC Barcelona II (Spain)
2017,2,58,Ognjen Jaramaz,New York Knicks,SG,43620,181,21,0,KK Mega Bemax (Serbia)
2017,2,59,Jaron Blossomgame,San Antonio Spurs,F,43623,220,23,0,Clemson
2017,2,60,Alpha Kaba,Atlanta Hawks,PF,43626,242,20,0,KK Mega Bemax (Serbia)
2018,1,1,Deandre Ayton,Phoenix Suns,C,43647,250,19,0,Arizona
2018,1,2,Marvin Bagley III,Sacramento Kings,PF,43627,234,19,0,Duke
2018,1,3,Luka Doncic,Atlanta Hawks,SF,43623,218,19,0,Real Madrid (Spain)
2018,1,4,"Jaren Jackson, Jr.",Memphis Grizzlies,PF,43627,242,18,0,Michigan State
2018,1,5,Trae Young,Dallas Mavericks,PG,43618,180,19,0,Oklahoma
2018,1,6,Mohamed Bamba,Orlando Magic,C,36708,225,20,0,Texas
2018,1,7,"Wendell Carter, Jr.",Chicago Bulls,PF,43626,255,19,0,Duke
2018,1,8,Collin Sexton,Cleveland Cavaliers,PG,43618,190,19,0,Alabama
2018,1,9,Kevin Knox,New York Knicks,SF,43625,215,18,0,Kentucky
2018,1,10,Mikal Bridges,Philadelphia Sixers,SG,43623,210,21,0,Villanova
2018,1,11,Shai Gilgeous-Alexander,Charlotte Hornets,PG,43622,181,19,0,Kentucky
2018,1,12,Miles Bridges,Los Angeles Clippers,SF,43623,225,20,0,Michigan State
2018,1,13,Jerome Robinson,Los Angeles Clippers,SG,43621,190,21,0,Boston College
2018,1,14,"Michael Porter, Jr.",Denver Nuggets,PF,43626,210,19,0,Missouri
2018,1,15,"Troy Brown, Jr.",Washington Wizards,SF,43623,215,18,0,Oregon
2018,1,16,Zhaire Smith,Phoenix Suns,SG,43620,200,19,0,Texas Tech
2018,1,17,Donte DiVincenzo,Milwaukee Bucks,SG,43620,203,21,0,Villanova
2018,1,18,Lonnie Walker,San Antonio Spurs,SG,43621,205,19,0,Miami (FL)
2018,1,19,Kevin Huerter,Atlanta Hawks,SF,43623,190,19,0,Maryland
2018,1,20,Josh Okogie,Minnesota Timberwolves,SG,43621,211,19,0,Georgia Tech
2018,1,21,Grayson Allen,Utah Jazz,SG,43621,198,22,0,Duke
2018,1,22,Chandler Hutchison,Chicago Bulls,SG,43623,197,22,0,Boise State
2018,1,23,Aaron Holiday,Indiana Pacers,PG,43617,185,21,0,UCLA
2018,1,24,Anfernee Simons,Portland Trail Blazers,SG,43620,185,19,0,
2018,1,25,Moe Wagner,Los Angeles Lakers,PF,36708,241,21,0,Michigan
2018,1,26,Landry Shamet,Philadelphia Sixers,PG,43621,190,21,0,Wichita State
2018,1,27,Robert Williams,Boston Celtics,PF,43626,240,20,0,Texas A&M
2018,1,28,Jacob Evans,Golden State Warriors,SG,43622,210,21,0,Cincinnati
2018,1,29,Dzanan Musa,Brooklyn Nets,SG,43625,208,19,0,Cedevita (Croatia)
2018,1,30,Omari Spellman,Atlanta Hawks,PF,43625,245,20,0,Villanova
2018,2,31,Elie Okobo,Phoenix Suns,PG,43618,180,20,0,Pau-Orthez (France)
2018,2,32,Jevon Carter,Memphis Grizzlies,PG,43618,196,22,0,West Virginia
2018,2,33,Jalen Brunson,Dallas Mavericks,PG,43619,190,21,0,Villanova
2018,2,34,Devonte' Graham,Atlanta Hawks,PG,43618,185,23,0,Kansas
2018,2,35,"Melvin Frazier, Jr.",Orlando Magic,SF,43622,200,21,0,Tulane
2018,2,36,Mitchell Robinson,New York Knicks,C,36708,225,20,0,
2018,2,37,"Gary Trent, Jr.",Sacramento Kings,SG,43622,205,19,0,Duke
2018,2,38,Khyri Thomas,Philadelphia Sixers,SG,43619,210,22,0,Creighton
2018,2,39,Isaac Bonga,Philadelphia Sixers,SG,43625,203,18,0,Fraport Skyliners (Germany)
2018,2,40,Rodions Kurucs,Brooklyn Nets,SF,43625,210,20,0,FC Barcelona Lassa (Spain)
2018,2,41,Jarred Vanderbilt,Orlando Magic,PF,43625,214,19,0,Kentucky
2018,2,42,"Bruce Brown, Jr.",Detroit Pistons,SG,43621,202,21,0,Miami (FL)
2018,2,43,Justin Jackson,Denver Nuggets,SF,43623,229,21,0,Maryland
2018,2,44,Yusuf Sanon,Washington Wizards,SG,43620,185,18,0,Union Olimpija (Slovenia)
2018,2,45,Hamidou Diallo,Brooklyn Nets,SG,43621,198,19,0,Kentucky
2018,2,46,De'Anthony Melton,Houston Rockets,SG,43620,200,20,0,USC
2018,2,47,Svi Mykhailiuk,Los Angeles Lakers,SF,43624,212,21,0,Kansas
2018,2,48,Keita Bates-Diop,Minnesota Timberwolves,SF,43625,223,22,0,Ohio State
2018,2,49,Chimezie Metu,San Antonio Spurs,PF,43626,225,21,0,USC
2018,2,50,Alize Johnson,Indiana Pacers,SF,43625,212,22,0,Missouri State
2018,2,51,Tony Carr,New Orleans Pelicans,PG,43621,204,20,0,Penn State
2018,2,52,Vince Edwards,Utah Jazz,SF,43624,225,22,0,Purdue
2018,2,53,Devon Hall,Oklahoma City Thunder,SG,43622,206,22,0,Virginia
2018,2,54,Shake Milton,Dallas Mavericks,SG,43622,205,21,0,Southern Methodist
2018,2,55,Arnoldas Kulboka,Charlotte Hornets,SF,43626,215,20,0,Orlandina Basket (Italy)
2018,2,56,Raymond Spalding,Philadelphia Sixers,PF,43626,215,21,0,Louisville
2018,2,57,Kevin Hervey,Oklahoma City Thunder,PF,43625,230,21,0,Texas-Arlington
2018,2,58,Thomas Welsh,Denver Nuggets,C,36708,255,22,0,UCLA
2018,2,59,George King,Phoenix Suns,SF,43622,220,24,0,Colorado
2018,2,60,Kostas Antetokounmpo,Philadelphia Sixers,PF,43626,197,20,0,Dayton
2019,1,1,Zion Williamson,New Orleans Pelicans,PF,43623,285,18,0,Duke
2019,1,2,Ja Morant,Memphis Grizzlies,G,43619,175,19,0,Murray State
2019,1,3,R.J. Barrett,New York Knicks,SG,43623,202,19,0,Duke
2019,1,4,De'Andre Hunter,Los Angeles Lakers,PF,43623,222,21,0,Virginia
2019,1,5,Darius Garland,Cleveland Cavaliers,G,43618,175,19,0,Vanderbilt
2019,1,6,Jarrett Culver,Phoenix Suns,SG,43621,195,20,0,Texas Tech
2019,1,7,Coby White,Chicago Bulls,PG,43621,185,19,0,North Carolina
2019,1,8,Jaxson Hayes,Atlanta Hawks,PF,43627,220,19,0,Texas
2019,1,9,Rui Hachimura,Washington Wizards,F,43624,230,21,0,Gonzaga
2019,1,10,Cam Reddish,Atlanta Hawks,G,43624,218,19,0,Duke
2019,1,11,Cameron Johnson,Minnesota Timberwolves,G,43625,210,23,0,North Carolina
2019,1,12,P.J. Washington,Charlotte Hornets,PF,43624,234,20,0,Kentucky
2019,1,13,Tyler Herro,Miami Heat,SG,43621,192,19,0,Kentucky
2019,1,14,Romeo Langford,Boston Celtics,SG,43622,215,19,0,Indiana
2019,1,15,Sekou Doumbouya,Detroit Pistons,F,43624,230,18,0,CSP Limoges (France)
2019,1,16,Chuma Okeke,Orlando Magic,PF,43624,230,20,0,Auburn
2019,1,17,Nickeil Alexander-Walker,Brooklyn Nets,SG,43621,210,20,0,Virginia Tech
2019,1,18,Goga Bitadze,Indiana Pacers,C,36708,258,19,0,KK Mega Bemax (Serbia)
2019,1,19,Luka Samanic,San Antonio Spurs,PF,43626,210,19,0,Union Olimpija (Slovenia)
2019,1,20,Matisse Thybulle,Boston Celtics,SF,43621,195,22,0,Washington
2019,1,21,Brandon Clarke,Oklahoma City Thunder,PF,43624,215,22,0,Gonzaga
2019,1,22,Grant Williams,Boston Celtics,SF,43623,241,20,0,Tennessee
2019,1,23,Darius Bazley,Utah Jazz,PF,43625,195,19,0,
2019,1,24,Ty Jerome,Philadelphia Sixers,PG,43621,200,21,0,Virginia
2019,1,25,Nassir Little,Portland Trail Blazers,SF,43622,220,19,0,North Carolina
2019,1,26,Dylan Windler,Cleveland Cavaliers,SF,43623,200,22,0,Belmont
2019,1,27,Mfiondu Kabengele,Brooklyn Nets,SF,43626,250,21,0,Florida State
2019,1,28,Jordan Poole,Golden State Warriors,SG,43621,195,20,0,Michigan
2019,1,29,Keldon Johnson,San Antonio Spurs,SF,43622,211,19,0,Kentucky
2019,1,30,"Kevin Porter, Jr.",Milwaukee Bucks,SF,43622,210,19,0,USC
2019,2,31,Nicolas Claxton,Brooklyn Nets,C,43627,220,20,0,Georgia
2019,2,32,KZ Okpala,Phoenix Suns,SG,43625,215,20,0,Stanford
2019,2,33,Carsen Edwards,Philadelphia Sixers,PG,43617,190,21,0,Purdue
2019,2,34,Bruno Fernando,Philadelphia Sixers,C,43626,245,20,0,Maryland
2019,2,35,Didi Louzada,Atlanta Hawks,SG,43621,187,19,0,Franca (Brazil)
2019,2,36,Cody Martin,Charlotte Hornets,F,43623,205,23,0,Nevada
2019,2,37,Deividas Sirvydis,Dallas Mavericks,GF,43623,198,19,0,Lietuvos Rytas Junior Team (Lithuania)
2019,2,38,Daniel Gafford,Chicago Bulls,C,43627,233,20,0,Arkansas
2019,2,39,Alen Smailagic,New Orleans Pelicans,PF,43626,215,18,0,Santa Cruz Warriors
2019,2,40,Justin James,Sacramento Kings,SG,43623,180,22,0,Wyoming
2019,2,41,Eric Paschall,Golden State Warriors,F,43625,255,22,0,Villanova
2019,2,42,Admiral Schofield,Philadelphia Sixers,SF,43621,238,22,0,Tennessee
2019,2,43,Jaylen Nowell,Minnesota Timberwolves,SG,43620,200,19,0,Washington
2019,2,44,Bol Bol,Miami Heat,C,43648,220,19,0,Oregon
2019,2,45,Isaiah Roby,Detroit Pistons,SF,43624,226,21,0,Nebraska
2019,2,46,Talen Horton-Tucker,Orlando Magic,SF,43620,238,18,0,Iowa State
2019,2,47,Ignas Brazdeikis,Sacramento Kings,SF,43623,215,20,0,Michigan
2019,2,48,Terance Mann,Los Angeles Clippers,SG,43623,215,22,0,Florida State
2019,2,49,Quinndary Weatherspoon,San Antonio Spurs,SG,43620,205,22,0,Mississippi State
2019,2,50,Jarrell Brantley,Indiana Pacers,SF,43623,250,23,0,Charleston
2019,2,51,Tremont Waters,Boston Celtics,PG,43596,167,21,0,LSU
2019,2,52,Jalen McDaniels,Charlotte Hornets,PF,43626,195,21,0,San Diego State
2019,2,53,Justin Wright-Foreman,Utah Jazz,SG,43618,190,21,0,Hofstra
2019,2,54,Marial Shayok,Philadelphia Sixers,G,43622,201,23,0,Iowa State
2019,2,55,Kyle Guy,New York Knicks,SG,43618,175,21,0,Virginia
2019,2,56,Jaylen Hands,Los Angeles Clippers,G,43619,180,20,0,UCLA
2019,2,57,Jordan Bone,New Orleans Pelicans,SG,43619,176,21,0,Tennessee
2019,2,58,Miye Oni,Golden State Warriors,SF,43622,210,21,0,Yale
2019,2,59,Dewan Hernandez,Toronto Raptors,FC,43627,236,22,0,Miami (FL)
2019,2,60,Vanja Marinkovic,Sacramento Kings,G,43622,194,22,0,KK Partizan (Serbia)